연도,발전원,지역구분,시도구분,개수,용량,지역개수,지역용량
2017,태양광,강원,강릉시,124,18929,1560,"196,297.24"
2017,태양광,강원,고성군,100,22305,1560,"196,297.24"
2017,태양광,강원,동해시,26,2516,1560,"196,297.24"
2017,태양광,강원,삼척시,54,8493,1560,"196,297.24"
2017,태양광,강원,속초시,32,2859,1560,"196,297.24"
2017,태양광,강원,양구군,246,26197,1560,"196,297.24"
2017,태양광,강원,양양군,17,2091,1560,"196,297.24"
2017,태양광,강원,영월군,84,9722,1560,"196,297.24"
2017,태양광,강원,원주시,195,22938.24,1560,"196,297.24"
2017,태양광,강원,인제군,115,12555,1560,"196,297.24"
2017,태양광,강원,정선군,53,7412,1560,"196,297.24"
2017,태양광,강원,철원군,89,13011,1560,"196,297.24"
2017,태양광,강원,춘천시,123,9216,1560,"196,297.24"
2017,태양광,강원,태백시,28,2965,1560,"196,297.24"
2017,태양광,강원,평창군,51,5785,1560,"196,297.24"
2017,태양광,강원,홍천군,79,7524,1560,"196,297.24"
2017,태양광,강원,화천군,35,5545,1560,"196,297.24"
2017,태양광,강원,횡성군,109,16234,1560,"196,297.24"
2017,태양광,경기,가평군,56,4018.06,1974,"165,012.17"
2017,태양광,경기,고양시,89,7539.09,1974,"165,012.17"
2017,태양광,경기,과천시,2,119,1974,"165,012.17"
2017,태양광,경기,광명시,3,88.28,1974,"165,012.17"
2017,태양광,경기,광주시,60,3954.91,1974,"165,012.17"
2017,태양광,경기,구리시,5,755,1974,"165,012.17"
2017,태양광,경기,군포시,2,992.8,1974,"165,012.17"
2017,태양광,경기,김포시,108,8570.95,1974,"165,012.17"
2017,태양광,경기,남양주시,50,3294.04,1974,"165,012.17"
2017,태양광,경기,동두천시,14,997,1974,"165,012.17"
2017,태양광,경기,부천시,7,265.81,1974,"165,012.17"
2017,태양광,경기,성남시,21,2307.4,1974,"165,012.17"
2017,태양광,경기,수원시,45,2893.97,1974,"165,012.17"
2017,태양광,경기,시흥시,46,6377.96,1974,"165,012.17"
2017,태양광,경기,안산시,58,4337.63,1974,"165,012.17"
2017,태양광,경기,안성시,114,14712.03,1974,"165,012.17"
2017,태양광,경기,안양시,8,436.54,1974,"165,012.17"
2017,태양광,경기,양주시,66,2965.74,1974,"165,012.17"
2017,태양광,경기,양평군,59,4261.6,1974,"165,012.17"
2017,태양광,경기,여주시,129,13064.46,1974,"165,012.17"
2017,태양광,경기,연천군,55,4165.84,1974,"165,012.17"
2017,태양광,경기,오산시,10,484.76,1974,"165,012.17"
2017,태양광,경기,용인시,77,8013.92,1974,"165,012.17"
2017,태양광,경기,의왕시,4,183.07,1974,"165,012.17"
2017,태양광,경기,의정부시,11,337.51,1974,"165,012.17"
2017,태양광,경기,이천시,101,9808.09,1974,"165,012.17"
2017,태양광,경기,파주시,155,10855.09,1974,"165,012.17"
2017,태양광,경기,평택시,207,13787.66,1974,"165,012.17"
2017,태양광,경기,포천시,126,12413.26,1974,"165,012.17"
2017,태양광,경기,하남시,14,1391.54,1974,"165,012.17"
2017,태양광,경기,화성시,272,21619.16,1974,"165,012.17"
2017,태양광,경남,거제시,23,1585.41,1565,"223,312.28"
2017,태양광,경남,거창군,133,27305.64,1565,"223,312.28"
2017,태양광,경남,고성군,124,18770.82,1565,"223,312.28"
2017,태양광,경남,김해시,125,16768.86,1565,"223,312.28"
2017,태양광,경남,남해군,71,4061.71,1565,"223,312.28"
2017,태양광,경남,밀양시,95,9725.65,1565,"223,312.28"
2017,태양광,경남,사천시,153,16678.68,1565,"223,312.28"
2017,태양광,경남,산청군,109,14708.66,1565,"223,312.28"
2017,태양광,경남,양산시,56,8888.3,1565,"223,312.28"
2017,태양광,경남,의령군,43,8072.12,1565,"223,312.28"
2017,태양광,경남,진주시,92,17498.99,1565,"223,312.28"
2017,태양광,경남,창녕군,75,12028,1565,"223,312.28"
2017,태양광,경남,창원시,130,16432.73,1565,"223,312.28"
2017,태양광,경남,통영시,15,690.16,1565,"223,312.28"
2017,태양광,경남,하동군,119,12372.1,1565,"223,312.28"
2017,태양광,경남,함안군,87,16788.28,1565,"223,312.28"
2017,태양광,경남,함양군,20,4301.23,1565,"223,312.28"
2017,태양광,경남,합천군,95,16634.94,1565,"223,312.28"
2017,태양광,경북,경산시,84,11464.11,2674,"403,163.71"
2017,태양광,경북,경주시,89,14461.65,2674,"403,163.71"
2017,태양광,경북,고령군,34,4174.96,2674,"403,163.71"
2017,태양광,경북,구미시,143,19574.51,2674,"403,163.71"
2017,태양광,경북,군위군,65,12702,2674,"403,163.71"
2017,태양광,경북,김천시,134,20425.03,2674,"403,163.71"
2017,태양광,경북,문경시,64,13089.78,2674,"403,163.71"
2017,태양광,경북,봉화군,93,17185.7,2674,"403,163.71"
2017,태양광,경북,상주시,475,65052.63,2674,"403,163.71"
2017,태양광,경북,성주군,101,17634.37,2674,"403,163.71"
2017,태양광,경북,안동시,205,29111.95,2674,"403,163.71"
2017,태양광,경북,영덕군,25,5875.56,2674,"403,163.71"
2017,태양광,경북,영양군,110,13431.92,2674,"403,163.71"
2017,태양광,경북,영주시,291,36450.47,2674,"403,163.71"
2017,태양광,경북,영천시,184,33909.46,2674,"403,163.71"
2017,태양광,경북,예천군,179,23327.81,2674,"403,163.71"
2017,태양광,경북,울진군,19,1284.6,2674,"403,163.71"
2017,태양광,경북,의성군,170,38287.61,2674,"403,163.71"
2017,태양광,경북,청도군,34,3387.13,2674,"403,163.71"
2017,태양광,경북,청송군,59,6708.69,2674,"403,163.71"
2017,태양광,경북,칠곡군,49,4989.33,2674,"403,163.71"
2017,태양광,경북,포항시,67,10634.44,2674,"403,163.71"
2017,태양광,광주,광산구,274,46050.84,530,"71,733.57"
2017,태양광,광주,남구,31,5185.24,530,"71,733.57"
2017,태양광,광주,동구,12,2552.78,530,"71,733.57"
2017,태양광,광주,북구,139,12679.69,530,"71,733.57"
2017,태양광,광주,서구,74,5265.02,530,"71,733.57"
2017,태양광,대구,남구,5,189.73,171,"23,055.03"
2017,태양광,대구,달서구,36,5749.37,171,"23,055.03"
2017,태양광,대구,달성군,59,8042.21,171,"23,055.03"
2017,태양광,대구,동구,22,1712.76,171,"23,055.03"
2017,태양광,대구,북구,29,4933.9,171,"23,055.03"
2017,태양광,대구,서구,3,110,171,"23,055.03"
2017,태양광,대구,수성구,17,2317.06,171,"23,055.03"
2017,태양광,대전,대덕구,34,2676.97,153,"9,574.62"
2017,태양광,대전,동구,26,1157.32,153,"9,574.62"
2017,태양광,대전,서구,36,1554.45,153,"9,574.62"
2017,태양광,대전,유성구,33,3268.33,153,"9,574.62"
2017,태양광,대전,중구,24,917.55,153,"9,574.62"
2017,태양광,부산,강서구,75,13473.45,186,"22,643.27"
2017,태양광,부산,금정구,10,404.46,186,"22,643.27"
2017,태양광,부산,기장군,18,2833.02,186,"22,643.27"
2017,태양광,부산,남구,5,362.85,186,"22,643.27"
2017,태양광,부산,동구,3,94,186,"22,643.27"
2017,태양광,부산,동래구,12,713.48,186,"22,643.27"
2017,태양광,부산,부산진구,6,454.5,186,"22,643.27"
2017,태양광,부산,북구,4,254.29,186,"22,643.27"
2017,태양광,부산,사상구,11,1535.07,186,"22,643.27"
2017,태양광,부산,사하구,15,1356.41,186,"22,643.27"
2017,태양광,부산,서구,2,59.52,186,"22,643.27"
2017,태양광,부산,수영구,3,156.19,186,"22,643.27"
2017,태양광,부산,연제구,2,112.85,186,"22,643.27"
2017,태양광,부산,영도구,4,187.55,186,"22,643.27"
2017,태양광,부산,중구,4,151.28,186,"22,643.27"
2017,태양광,부산,해운대,6,164,186,"22,643.27"
2017,태양광,부산,해운대구,6,330.35,186,"22,643.27"
2017,태양광,서울,강남구,15,1284.96,291,"20,471.74"
2017,태양광,서울,강동구,11,507.7,291,"20,471.74"
2017,태양광,서울,강북구,14,397.66,291,"20,471.74"
2017,태양광,서울,강서구,12,506.16,291,"20,471.74"
2017,태양광,서울,관악구,14,906.4,291,"20,471.74"
2017,태양광,서울,광진구,21,1778.81,291,"20,471.74"
2017,태양광,서울,구로구,12,659.78,291,"20,471.74"
2017,태양광,서울,금천구,14,800.89,291,"20,471.74"
2017,태양광,서울,노원구,12,531.53,291,"20,471.74"
2017,태양광,서울,도봉구,16,592.8,291,"20,471.74"
2017,태양광,서울,동대문구,10,303,291,"20,471.74"
2017,태양광,서울,동작구,7,184.76,291,"20,471.74"
2017,태양광,서울,마포구,14,597.54,291,"20,471.74"
2017,태양광,서울,서대문구,9,344.3,291,"20,471.74"
2017,태양광,서울,서초구,9,403.49,291,"20,471.74"
2017,태양광,서울,성동구,2,1091.88,291,"20,471.74"
2017,태양광,서울,성북구,31,2916.75,291,"20,471.74"
2017,태양광,서울,송파구,20,3637.43,291,"20,471.74"
2017,태양광,서울,양천구,6,165.13,291,"20,471.74"
2017,태양광,서울,영등포구,9,1148.72,291,"20,471.74"
2017,태양광,서울,용산구,4,40,291,"20,471.74"
2017,태양광,서울,은평구,14,540.75,291,"20,471.74"
2017,태양광,서울,종로구,2,21,291,"20,471.74"
2017,태양광,서울,중구,4,853.3,291,"20,471.74"
2017,태양광,서울,중랑구,9,257,291,"20,471.74"
2017,태양광,세종,가람동,1,327,83,"12,076.30"
2017,태양광,세종,금남면,8,565.24,83,"12,076.30"
2017,태양광,세종,부강면,7,647.7,83,"12,076.30"
2017,태양광,세종,소정면,4,75.84,83,"12,076.30"
2017,태양광,세종,연기면,3,1169,83,"12,076.30"
2017,태양광,세종,연동면,19,1608.02,83,"12,076.30"
2017,태양광,세종,연서면,11,1471,83,"12,076.30"
2017,태양광,세종,장군면,4,288.5,83,"12,076.30"
2017,태양광,세종,전동면,6,837,83,"12,076.30"
2017,태양광,세종,전의면,4,715,83,"12,076.30"
2017,태양광,세종,조치원읍,7,312,83,"12,076.30"
2017,태양광,세종,한솔동,9,4060,83,"12,076.30"
2017,태양광,울산,남구,17,1303.65,103,"12,661.17"
2017,태양광,울산,동구,5,189,103,"12,661.17"
2017,태양광,울산,북구,26,4266,103,"12,661.17"
2017,태양광,울산,울주군,50,6585.14,103,"12,661.17"
2017,태양광,울산,중구,5,317.38,103,"12,661.17"
2017,태양광,인천,강화군,97,6632.42,221,"21,827.81"
2017,태양광,인천,계양구,4,243.06,221,"21,827.81"
2017,태양광,인천,남구,11,995.26,221,"21,827.81"
2017,태양광,인천,남동구,18,1632.7,221,"21,827.81"
2017,태양광,인천,부평구,8,781.36,221,"21,827.81"
2017,태양광,인천,서구,40,3414.3,221,"21,827.81"
2017,태양광,인천,연수구,5,492,221,"21,827.81"
2017,태양광,인천,옹진군,9,925,221,"21,827.81"
2017,태양광,인천,중구,29,6711.71,221,"21,827.81"
2017,태양광,전남,강진군,307,33728.25,5140,"640,268.19"
2017,태양광,전남,고흥군,569,62910.92,5140,"640,268.19"
2017,태양광,전남,곡성군,170,20912.36,5140,"640,268.19"
2017,태양광,전남,광양시,81,10111.48,5140,"640,268.19"
2017,태양광,전남,구례군,19,2395.24,5140,"640,268.19"
2017,태양광,전남,나주시,415,70471.02,5140,"640,268.19"
2017,태양광,전남,담양군,253,28237.11,5140,"640,268.19"
2017,태양광,전남,목포시,69,8225.79,5140,"640,268.19"
2017,태양광,전남,무안군,217,22540.03,5140,"640,268.19"
2017,태양광,전남,보성군,141,19788.49,5140,"640,268.19"
2017,태양광,전남,순천시,297,40960.01,5140,"640,268.19"
2017,태양광,전남,신안군,57,5432.15,5140,"640,268.19"
2017,태양광,전남,여수시,116,14476.03,5140,"640,268.19"
2017,태양광,전남,영광군,152,17596.92,5140,"640,268.19"
2017,태양광,전남,영암군,364,40363.31,5140,"640,268.19"
2017,태양광,전남,완도군,417,44240.64,5140,"640,268.19"
2017,태양광,전남,장성군,230,32647.02,5140,"640,268.19"
2017,태양광,전남,장흥군,102,12683.03,5140,"640,268.19"
2017,태양광,전남,진도군,70,10594.15,5140,"640,268.19"
2017,태양광,전남,함평군,189,25494.6,5140,"640,268.19"
2017,태양광,전남,해남군,682,84900.05,5140,"640,268.19"
2017,태양광,전남,화순군,223,31559.59,5140,"640,268.19"
2017,태양광,전북,고창군,503,55670.56,7447,"791,878.03"
2017,태양광,전북,군산시,440,52068.44,7447,"791,878.03"
2017,태양광,전북,김제시,1137,117842.6,7447,"791,878.03"
2017,태양광,전북,남원시,652,65989.45,7447,"791,878.03"
2017,태양광,전북,무주군,23,3465.2,7447,"791,878.03"
2017,태양광,전북,부안군,362,42151.43,7447,"791,878.03"
2017,태양광,전북,순창군,136,16511.39,7447,"791,878.03"
2017,태양광,전북,완주군,407,44785.06,7447,"791,878.03"
2017,태양광,전북,익산시,1127,129042.74,7447,"791,878.03"
2017,태양광,전북,임실군,491,45781.73,7447,"791,878.03"
2017,태양광,전북,장수군,174,26057.34,7447,"791,878.03"
2017,태양광,전북,전주시,417,34263.53,7447,"791,878.03"
2017,태양광,전북,정읍시,1312,128184.74,7447,"791,878.03"
2017,태양광,전북,진안군,266,30063.82,7447,"791,878.03"
2017,태양광,제주,서귀포시,22,3047.76,49,"4,867.21"
2017,태양광,제주,제주시,27,1819.45,49,"4,867.21"
2017,태양광,충남,계룡시,8,489.18,2978,"373,992.04"
2017,태양광,충남,공주시,262,25033.38,2978,"373,992.04"
2017,태양광,충남,금산군,146,17576.74,2978,"373,992.04"
2017,태양광,충남,논산시,577,65610.11,2978,"373,992.04"
2017,태양광,충남,당진시,160,19143.8,2978,"373,992.04"
2017,태양광,충남,보령시,232,28651.96,2978,"373,992.04"
2017,태양광,충남,부여군,305,37914.12,2978,"373,992.04"
2017,태양광,충남,서산시,182,23113.93,2978,"373,992.04"
2017,태양광,충남,서천군,255,34730.03,2978,"373,992.04"
2017,태양광,충남,아산시,197,22454.95,2978,"373,992.04"
2017,태양광,충남,연기군,29,1775.79,2978,"373,992.04"
2017,태양광,충남,예산군,128,12313.06,2978,"373,992.04"
2017,태양광,충남,천안시,119,13361.74,2978,"373,992.04"
2017,태양광,충남,청양군,100,15845.37,2978,"373,992.04"
2017,태양광,충남,태안군,124,21528.33,2978,"373,992.04"
2017,태양광,충남,홍성군,154,34449.55,2978,"373,992.04"
2017,태양광,충북,괴산군,200,19040,1770,"168,076.55"
2017,태양광,충북,단양군,32,4453,1770,"168,076.55"
2017,태양광,충북,보은군,176,17567,1770,"168,076.55"
2017,태양광,충북,영동군,92,18037,1770,"168,076.55"
2017,태양광,충북,옥천군,262,20930,1770,"168,076.55"
2017,태양광,충북,음성군,104,8385,1770,"168,076.55"
2017,태양광,충북,제천시,162,19624,1770,"168,076.55"
2017,태양광,충북,증평군,57,4907,1770,"168,076.55"
2017,태양광,충북,진천군,89,11376,1770,"168,076.55"
2017,태양광,충북,청원군,1,49.55,1770,"168,076.55"
2017,태양광,충북,청주시,376,23749,1770,"168,076.55"
2017,태양광,충북,충주시,219,19959,1770,"168,076.55"
2017,소수력,강원,강릉시,2,870,5,"1,863"
2017,소수력,강원,철원군,1,465,5,"1,863"
2017,소수력,강원,홍천군,1,430,5,"1,863"
2017,소수력,강원,화천군,1,98,5,"1,863"
2017,소수력,경기,구리시,1,45,2,405
2017,소수력,경기,안성시,1,360,2,405
2017,소수력,경남,하동군,1,99,1,99
2017,소수력,경북,문경시,1,220,6,"1,599"
2017,소수력,경북,봉화군,1,410,6,"1,599"
2017,소수력,경북,상주시,1,189,6,"1,599"
2017,소수력,경북,영주시,2,530,6,"1,599"
2017,소수력,경북,울진군,1,250,6,"1,599"
2017,소수력,부산,금정구,1,55,2,65
2017,소수력,부산,동래구,1,10,2,65
2017,소수력,서울,금천구,2,100,5,416
2017,소수력,서울,동작구,1,300,5,416
2017,소수력,서울,성동구,2,16,5,416
2017,소수력,전남,담양군,1,35,2,80
2017,소수력,전남,완도군,1,45,2,80
2017,소수력,전북,고창군,1,99,4,289
2017,소수력,전북,순창군,2,110,4,289
2017,소수력,전북,완주군,1,80,4,289
2017,소수력,충남,논산시,1,320,4,"1,470"
2017,소수력,충남,보령시,1,490,4,"1,470"
2017,소수력,충남,아산시,1,180,4,"1,470"
2017,소수력,충남,예산군,1,480,4,"1,470"
2017,풍력,강원,강릉시,1,80,2,179
2017,풍력,강원,홍천군,1,99,2,179
2017,풍력,경남,하동군,1,6,1,6
2017,풍력,제주,제주시,1,99.4,1,99.4
2017,풍력,충남,서산시,1,20,1,20
2017,바이오,강원,원주시,1,980,2,"1,780"
2017,바이오,강원,춘천시,1,800,2,"1,780"
2017,바이오,경기,연천군,1,450,3,"1,200"
2017,바이오,경기,이천시,2,750,3,"1,200"
2017,바이오,경남,양산시,2,1420,3,"1,870"
2017,바이오,경남,진주시,1,450,3,"1,870"
2017,바이오,광주,광산구,1,20,1,20
2017,바이오,전남,담양군,1,640,1,640
2017,바이오,전북,고창군,1,80,4,650
2017,바이오,전북,김제시,1,50,4,650
2017,바이오,전북,정읍시,2,520,4,650
2017,바이오,충남,논산시,1,600,3,"1,100"
2017,바이오,충남,청양군,2,500,3,"1,100"
2017,바이오,충북,청주시,1,750,2,845
2017,바이오,충북,충주시,1,95,2,845
2017,연료전지,경기,포천시,1,440,1,440
2017,연료전지,전북,완주군,1,420,1,420
2017,폐기물,강원,속초시,2,880,3,"1,378"
2017,폐기물,강원,태백시,1,498,3,"1,378"
2017,폐기물,경기,김포시,1,909,1,909
2017,폐기물,경남,거창군,1,133,3,673
2017,폐기물,경남,창원시,1,400,3,673
2017,폐기물,경남,함양군,1,140,3,673
2017,폐기물,경북,성주군,1,170,2,330
2017,폐기물,경북,칠곡군,1,160,2,330
2017,폐기물,전남,무안군,1,480,1,480
2017,폐기물,전북,전주시,1,320,1,320
2017,폐기물,충남,보령시,1,440,1,440
2017,폐기물,충북,음성군,1,500,2,"1,260"
2017,폐기물,충북,충주시,1,760,2,"1,260"
2017,매립지가스(LFG),대전,대덕구,1,99,1,99
2018,태양광,강원,강릉시,181,24414.81,2478,"368,186.33"
2018,태양광,강원,고성군,186,43228.74,2478,"368,186.33"
2018,태양광,강원,동해시,41,3895.41,2478,"368,186.33"
2018,태양광,강원,삼척시,67,14040.37,2478,"368,186.33"
2018,태양광,강원,속초시,34,3293.96,2478,"368,186.33"
2018,태양광,강원,양구군,362,41634.09,2478,"368,186.33"
2018,태양광,강원,양양군,19,3360.07,2478,"368,186.33"
2018,태양광,강원,영월군,106,17468.9,2478,"368,186.33"
2018,태양광,강원,원주시,286,29481.07,2478,"368,186.33"
2018,태양광,강원,인제군,232,34841,2478,"368,186.33"
2018,태양광,강원,정선군,54,7908,2478,"368,186.33"
2018,태양광,강원,철원군,156,40745.2,2478,"368,186.33"
2018,태양광,강원,춘천시,203,17584.87,2478,"368,186.33"
2018,태양광,강원,태백시,31,4998.11,2478,"368,186.33"
2018,태양광,강원,평창군,75,11302.71,2478,"368,186.33"
2018,태양광,강원,홍천군,179,22477.83,2478,"368,186.33"
2018,태양광,강원,화천군,108,19671.51,2478,"368,186.33"
2018,태양광,강원,횡성군,158,27839.68,2478,"368,186.33"
2018,태양광,경기,가평군,113,9622.06,3032,"298,203.62"
2018,태양광,경기,고양시,112,8139.06,3032,"298,203.62"
2018,태양광,경기,과천시,4,244,3032,"298,203.62"
2018,태양광,경기,광명시,6,213.28,3032,"298,203.62"
2018,태양광,경기,광주시,91,6221.91,3032,"298,203.62"
2018,태양광,경기,구리시,8,934,3032,"298,203.62"
2018,태양광,경기,군포시,8,1887,3032,"298,203.62"
2018,태양광,경기,김포시,181,16123.98,3032,"298,203.62"
2018,태양광,경기,남양주시,69,4639.32,3032,"298,203.62"
2018,태양광,경기,동두천시,18,1296,3032,"298,203.62"
2018,태양광,경기,부천시,9,1278.81,3032,"298,203.62"
2018,태양광,경기,성남시,14,1529.52,3032,"298,203.62"
2018,태양광,경기,수원시,53,3058.85,3032,"298,203.62"
2018,태양광,경기,시흥시,68,11293.96,3032,"298,203.62"
2018,태양광,경기,안산시,78,6746.63,3032,"298,203.62"
2018,태양광,경기,안성시,207,29245.93,3032,"298,203.62"
2018,태양광,경기,안양시,12,945.54,3032,"298,203.62"
2018,태양광,경기,양주시,91,5349.7,3032,"298,203.62"
2018,태양광,경기,양평군,101,7262.6,3032,"298,203.62"
2018,태양광,경기,여주군,97,9923.26,3032,"298,203.62"
2018,태양광,경기,여주시,148,20766.2,3032,"298,203.62"
2018,태양광,경기,연천군,98,13174.84,3032,"298,203.62"
2018,태양광,경기,오산시,18,1003.76,3032,"298,203.62"
2018,태양광,경기,용인시,112,13531.92,3032,"298,203.62"
2018,태양광,경기,의왕시,5,214.07,3032,"298,203.62"
2018,태양광,경기,의정부시,12,398.71,3032,"298,203.62"
2018,태양광,경기,이천시,173,24107.96,3032,"298,203.62"
2018,태양광,경기,파주시,234,18609.23,3032,"298,203.62"
2018,태양광,경기,평택시,259,21111.51,3032,"298,203.62"
2018,태양광,경기,포천시,192,18106.03,3032,"298,203.62"
2018,태양광,경기,하남시,18,1456.14,3032,"298,203.62"
2018,태양광,경기,화성시,423,39767.84,3032,"298,203.62"
2018,태양광,경남,거제시,30,1751.29,2294,"325,148.07"
2018,태양광,경남,거창군,213,38057.64,2294,"325,148.07"
2018,태양광,경남,고성군,151,21569.82,2294,"325,148.07"
2018,태양광,경남,김해시,170,21212.97,2294,"325,148.07"
2018,태양광,경남,남해군,118,9561.27,2294,"325,148.07"
2018,태양광,경남,마산시,2,117.88,2294,"325,148.07"
2018,태양광,경남,밀양시,148,13242.25,2294,"325,148.07"
2018,태양광,경남,사천시,179,19434.68,2294,"325,148.07"
2018,태양광,경남,산청군,169,29849.82,2294,"325,148.07"
2018,태양광,경남,양산시,73,10490.3,2294,"325,148.07"
2018,태양광,경남,의령군,67,15605.69,2294,"325,148.07"
2018,태양광,경남,진주시,124,20092.4,2294,"325,148.07"
2018,태양광,경남,진해시,1,9.6,2294,"325,148.07"
2018,태양광,경남,창녕군,108,16596,2294,"325,148.07"
2018,태양광,경남,창원시,152,20434.25,2294,"325,148.07"
2018,태양광,경남,통영시,26,1337.16,2294,"325,148.07"
2018,태양광,경남,하동군,191,25426.6,2294,"325,148.07"
2018,태양광,경남,함안군,128,21725.28,2294,"325,148.07"
2018,태양광,경남,함양군,61,9331.23,2294,"325,148.07"
2018,태양광,경남,합천군,183,29301.94,2294,"325,148.07"
2018,태양광,경북,경산시,127,15820,3907,"600,276"
2018,태양광,경북,경주시,123,21394.65,3907,"600,276"
2018,태양광,경북,고령군,62,7559.96,3907,"600,276"
2018,태양광,경북,구미시,208,23961.03,3907,"600,276"
2018,태양광,경북,군위군,109,17215,3907,"600,276"
2018,태양광,경북,김천시,234,35071.03,3907,"600,276"
2018,태양광,경북,문경시,89,15701.22,3907,"600,276"
2018,태양광,경북,봉화군,132,22950.42,3907,"600,276"
2018,태양광,경북,상주시,718,107872.57,3907,"600,276"
2018,태양광,경북,성주군,162,30009.75,3907,"600,276"
2018,태양광,경북,안동시,284,42270.16,3907,"600,276"
2018,태양광,경북,영덕군,43,9085.16,3907,"600,276"
2018,태양광,경북,영양군,167,22727.92,3907,"600,276"
2018,태양광,경북,영주시,349,42936.41,3907,"600,276"
2018,태양광,경북,영천시,291,50527.52,3907,"600,276"
2018,태양광,경북,예천군,267,37013.96,3907,"600,276"
2018,태양광,경북,울진군,26,3415.6,3907,"600,276"
2018,태양광,경북,의성군,210,51660.81,3907,"600,276"
2018,태양광,경북,청도군,46,6481.53,3907,"600,276"
2018,태양광,경북,청송군,67,8115.15,3907,"600,276"
2018,태양광,경북,칠곡군,89,11572.33,3907,"600,276"
2018,태양광,경북,포항시,104,16913.82,3907,"600,276"
2018,태양광,광주,광산구,359,62082.71,662,"86,049.19"
2018,태양광,광주,남구,34,2646.68,662,"86,049.19"
2018,태양광,광주,동구,14,1626.5,662,"86,049.19"
2018,태양광,광주,북구,174,14278.37,662,"86,049.19"
2018,태양광,광주,서구,81,5414.93,662,"86,049.19"
2018,태양광,대구,남구,5,84,231,"22,207.10"
2018,태양광,대구,달서구,51,6445.1,231,"22,207.10"
2018,태양광,대구,달성군,86,10613.28,231,"22,207.10"
2018,태양광,대구,동구,31,2196.76,231,"22,207.10"
2018,태양광,대구,북구,34,1884.8,231,"22,207.10"
2018,태양광,대구,서구,7,284,231,"22,207.10"
2018,태양광,대구,수성구,17,699.16,231,"22,207.10"
2018,태양광,대전,대덕구,49,3629.06,205,"12,936.75"
2018,태양광,대전,동구,37,3525.82,205,"12,936.75"
2018,태양광,대전,서구,42,1537.37,205,"12,936.75"
2018,태양광,대전,유성구,46,3111.75,205,"12,936.75"
2018,태양광,대전,중구,31,1132.75,205,"12,936.75"
2018,태양광,부산,강서구,114,20764.35,246,"31,213.98"
2018,태양광,부산,금정구,16,976.46,246,"31,213.98"
2018,태양광,부산,기장군,21,3443.02,246,"31,213.98"
2018,태양광,부산,남구,5,362.85,246,"31,213.98"
2018,태양광,부산,동구,3,94,246,"31,213.98"
2018,태양광,부산,동래구,14,667.48,246,"31,213.98"
2018,태양광,부산,부산진구,7,463.5,246,"31,213.98"
2018,태양광,부산,북구,5,332.29,246,"31,213.98"
2018,태양광,부산,사상구,16,1063.07,246,"31,213.98"
2018,태양광,부산,사하구,16,1407.41,246,"31,213.98"
2018,태양광,부산,서구,3,88.52,246,"31,213.98"
2018,태양광,부산,수영구,2,61,246,"31,213.98"
2018,태양광,부산,연제구,2,112.85,246,"31,213.98"
2018,태양광,부산,영도구,5,234.55,246,"31,213.98"
2018,태양광,부산,중구,4,151.28,246,"31,213.98"
2018,태양광,부산,해운대구,13,991.35,246,"31,213.98"
2018,태양광,서울,강남구,16,1375.96,340,"17,931.56"
2018,태양광,서울,강동구,13,631.7,340,"17,931.56"
2018,태양광,서울,강북구,20,667.66,340,"17,931.56"
2018,태양광,서울,강서구,20,920.78,340,"17,931.56"
2018,태양광,서울,관악구,18,668.4,340,"17,931.56"
2018,태양광,서울,광진구,20,1285.81,340,"17,931.56"
2018,태양광,서울,구로구,18,982.78,340,"17,931.56"
2018,태양광,서울,금천구,14,737.67,340,"17,931.56"
2018,태양광,서울,노원구,15,683.53,340,"17,931.56"
2018,태양광,서울,도봉구,17,526.42,340,"17,931.56"
2018,태양광,서울,동대문구,11,341,340,"17,931.56"
2018,태양광,서울,동작구,13,484.76,340,"17,931.56"
2018,태양광,서울,마포구,14,597.54,340,"17,931.56"
2018,태양광,서울,서대문구,15,463.3,340,"17,931.56"
2018,태양광,서울,서초구,10,408.49,340,"17,931.56"
2018,태양광,서울,성동구,6,2157.88,340,"17,931.56"
2018,태양광,서울,성북구,23,659.92,340,"17,931.56"
2018,태양광,서울,송파구,16,675.56,340,"17,931.56"
2018,태양광,서울,양천구,9,393.13,340,"17,931.56"
2018,태양광,서울,영등포구,12,1221.72,340,"17,931.56"
2018,태양광,서울,용산구,4,40,340,"17,931.56"
2018,태양광,서울,은평구,16,654.75,340,"17,931.56"
2018,태양광,서울,종로구,3,39,340,"17,931.56"
2018,태양광,서울,중구,5,872.3,340,"17,931.56"
2018,태양광,서울,중랑구,12,441.5,340,"17,931.56"
2018,태양광,세종,,134,17069.04,134,"17,069.04"
2018,태양광,울산,남구,24,1842.65,134,"18,058.17"
2018,태양광,울산,동구,5,189,134,"18,058.17"
2018,태양광,울산,북구,27,4468,134,"18,058.17"
2018,태양광,울산,울주군,73,11241.14,134,"18,058.17"
2018,태양광,울산,중구,5,317.38,134,"18,058.17"
2018,태양광,인천,강화군,140,9925.39,315,"32,462.78"
2018,태양광,인천,계양구,4,243.06,315,"32,462.78"
2018,태양광,인천,남구,14,1243.26,315,"32,462.78"
2018,태양광,인천,남동구,23,2116.7,315,"32,462.78"
2018,태양광,인천,동구,1,146,315,"32,462.78"
2018,태양광,인천,부평구,10,830.36,315,"32,462.78"
2018,태양광,인천,서구,73,8611.3,315,"32,462.78"
2018,태양광,인천,연수구,8,846,315,"32,462.78"
2018,태양광,인천,옹진군,12,1642,315,"32,462.78"
2018,태양광,인천,중구,30,6858.71,315,"32,462.78"
2018,태양광,전남,강진군,376,48250.95,6482,"908,084.92"
2018,태양광,전남,고흥군,713,87236.42,6482,"908,084.92"
2018,태양광,전남,곡성군,217,31525.96,6482,"908,084.92"
2018,태양광,전남,광양시,131,20934.48,6482,"908,084.92"
2018,태양광,전남,구례군,21,2714.24,6482,"908,084.92"
2018,태양광,전남,나주시,506,89608.98,6482,"908,084.92"
2018,태양광,전남,담양군,268,31533.11,6482,"908,084.92"
2018,태양광,전남,목포시,89,12465.79,6482,"908,084.92"
2018,태양광,전남,무안군,366,47330.64,6482,"908,084.92"
2018,태양광,전남,보성군,172,26807.63,6482,"908,084.92"
2018,태양광,전남,순천시,381,53772.57,6482,"908,084.92"
2018,태양광,전남,신안군,74,11023.15,6482,"908,084.92"
2018,태양광,전남,여수시,151,23827.53,6482,"908,084.92"
2018,태양광,전남,영광군,182,25021.8,6482,"908,084.92"
2018,태양광,전남,영암군,538,77493.62,6482,"908,084.92"
2018,태양광,전남,완도군,443,47349.46,6482,"908,084.92"
2018,태양광,전남,장성군,300,46467.22,6482,"908,084.92"
2018,태양광,전남,장흥군,130,17510.59,6482,"908,084.92"
2018,태양광,전남,진도군,90,15335.55,6482,"908,084.92"
2018,태양광,전남,함평군,209,27453.08,6482,"908,084.92"
2018,태양광,전남,해남군,833,120286.05,6482,"908,084.92"
2018,태양광,전남,화순군,292,44136.1,6482,"908,084.92"
2018,태양광,전북,고창군,585,65818.96,9845,"1,115,191.44"
2018,태양광,전북,군산시,531,68966.02,9845,"1,115,191.44"
2018,태양광,전북,김제시,1512,170956.05,9845,"1,115,191.44"
2018,태양광,전북,남원시,755,85590.6,9845,"1,115,191.44"
2018,태양광,전북,무주군,52,6860.2,9845,"1,115,191.44"
2018,태양광,전북,부안군,695,91026.63,9845,"1,115,191.44"
2018,태양광,전북,순창군,164,19316.31,9845,"1,115,191.44"
2018,태양광,전북,완주군,538,65587.6,9845,"1,115,191.44"
2018,태양광,전북,익산시,1629,182817.17,9845,"1,115,191.44"
2018,태양광,전북,임실군,745,79476.59,9845,"1,115,191.44"
2018,태양광,전북,장수군,244,36534.8,9845,"1,115,191.44"
2018,태양광,전북,전주시,458,32646.5,9845,"1,115,191.44"
2018,태양광,전북,정읍시,1602,167901.6,9845,"1,115,191.44"
2018,태양광,전북,진안군,335,41692.41,9845,"1,115,191.44"
2018,태양광,제주,서귀포시,41,10617.76,84,"15,914.21"
2018,태양광,제주,제주시,43,5296.45,84,"15,914.21"
2018,태양광,충남,계룡시,6,216.18,4142,"557,686.86"
2018,태양광,충남,공주시,374,42915.38,4142,"557,686.86"
2018,태양광,충남,금산군,296,41343.52,4142,"557,686.86"
2018,태양광,충남,논산시,822,99224.67,4142,"557,686.86"
2018,태양광,충남,당진군,82,9918.2,4142,"557,686.86"
2018,태양광,충남,당진시,146,18126.4,4142,"557,686.86"
2018,태양광,충남,보령시,292,37630.96,4142,"557,686.86"
2018,태양광,충남,부여군,397,58252.05,4142,"557,686.86"
2018,태양광,충남,서산시,219,28753.54,4142,"557,686.86"
2018,태양광,충남,서천군,307,41556.03,4142,"557,686.86"
2018,태양광,충남,아산시,271,38002.25,4142,"557,686.86"
2018,태양광,충남,연기군,29,1775.79,4142,"557,686.86"
2018,태양광,충남,예산군,233,22498.43,4142,"557,686.86"
2018,태양광,충남,천안시,173,21492.98,4142,"557,686.86"
2018,태양광,충남,청양군,131,18896.91,4142,"557,686.86"
2018,태양광,충남,태안군,144,28254.16,4142,"557,686.86"
2018,태양광,충남,홍성군,220,48829.41,4142,"557,686.86"
2018,태양광,충북,괴산군,223,23695.38,2374,"245,722.55"
2018,태양광,충북,단양군,50,8827.88,2374,"245,722.55"
2018,태양광,충북,보은군,226,21480.12,2374,"245,722.55"
2018,태양광,충북,영동군,128,22205.93,2374,"245,722.55"
2018,태양광,충북,옥천군,340,27269.75,2374,"245,722.55"
2018,태양광,충북,음성군,134,14036.2,2374,"245,722.55"
2018,태양광,충북,제천시,214,27453.26,2374,"245,722.55"
2018,태양광,충북,증평군,82,8415.59,2374,"245,722.55"
2018,태양광,충북,진천군,122,18230.94,2374,"245,722.55"
2018,태양광,충북,청원군,1,49.55,2374,"245,722.55"
2018,태양광,충북,청주시,529,41068.56,2374,"245,722.55"
2018,태양광,충북,충주시,325,32989.39,2374,"245,722.55"
2018,소수력,강원,강릉시,2,870,7,"2,223"
2018,소수력,강원,고성군,1,180,7,"2,223"
2018,소수력,강원,양구군,1,180,7,"2,223"
2018,소수력,강원,철원군,1,465,7,"2,223"
2018,소수력,강원,홍천군,1,430,7,"2,223"
2018,소수력,강원,화천군,1,98,7,"2,223"
2018,소수력,경기,구리시,1,45,2,405
2018,소수력,경기,안성시,1,360,2,405
2018,소수력,경남,하동군,1,99,1,99
2018,소수력,경북,문경시,1,220,7,"1,624"
2018,소수력,경북,봉화군,1,410,7,"1,624"
2018,소수력,경북,상주시,1,189,7,"1,624"
2018,소수력,경북,영주시,2,530,7,"1,624"
2018,소수력,경북,예천군,1,25,7,"1,624"
2018,소수력,경북,울진군,1,250,7,"1,624"
2018,소수력,부산,금정구,1,55,2,65
2018,소수력,부산,동래구,1,10,2,65
2018,소수력,서울,강서구,2,100,5,416
2018,소수력,서울,동작구,1,300,5,416
2018,소수력,서울,성동구,2,16,5,416
2018,소수력,전남,담양군,1,35,2,80
2018,소수력,전남,완도군,1,45,2,80
2018,소수력,전북,순창군,2,110,2,110
2018,소수력,충남,논산시,1,320,4,"1,470"
2018,소수력,충남,보령시,1,490,4,"1,470"
2018,소수력,충남,아산시,1,180,4,"1,470"
2018,소수력,충남,예산군,1,480,4,"1,470"
2018,소수력,충북,보은군,1,600,1,600
2018,풍력,강원,강릉시,1,80,2,179
2018,풍력,강원,홍천군,1,99,2,179
2018,풍력,경남,하동군,1,6,1,6
2018,풍력,부산,기장군,1,8,1,8
2018,풍력,제주,제주시,1,99.4,1,99.4
2018,풍력,충남,서산시,1,20,1,20
2018,바이오,강원,원주시,2,1870,3,"2,670"
2018,바이오,강원,춘천시,1,800,3,"2,670"
2018,바이오,경기,연천군,1,450,2,700
2018,바이오,경기,이천시,1,250,2,700
2018,바이오,경남,양산시,2,1420,3,"1,870"
2018,바이오,경남,진주시,1,450,3,"1,870"
2018,바이오,광주,광산구,1,20,1,20
2018,바이오,전남,담양군,1,640,1,640
2018,바이오,전북,고창군,1,80,5,"1,148"
2018,바이오,전북,군산시,1,498,5,"1,148"
2018,바이오,전북,김제시,1,50,5,"1,148"
2018,바이오,전북,정읍시,2,520,5,"1,148"
2018,바이오,충남,논산시,1,600,3,"1,100"
2018,바이오,충남,청양군,2,500,3,"1,100"
2018,바이오,충북,청주시,1,750,2,845
2018,바이오,충북,충주시,1,95,2,845
2018,연료전지,강원,평창군,1,96,1,96
2018,연료전지,경기,포천시,1,440,1,440
2018,연료전지,경남,거창군,1,105,1,105
2018,연료전지,경북,칠곡군,1,198,1,198
2018,연료전지,대구,동구,1,297,1,297
2018,연료전지,전북,완주군,1,525,1,525
2018,폐기물,강원,속초시,1,490,2,988
2018,폐기물,강원,태백시,1,498,2,988
2018,폐기물,경기,김포시,1,909,1,909
2018,폐기물,경남,거창군,1,133,3,673
2018,폐기물,경남,창원시,1,400,3,673
2018,폐기물,경남,함양군,1,140,3,673
2018,폐기물,경북,성주군,1,170,2,330
2018,폐기물,경북,칠곡군,1,160,2,330
2018,폐기물,전남,무안군,1,480,1,480
2018,폐기물,전북,전주시,1,320,1,320
2018,폐기물,충남,보령시,1,440,1,440
2018,폐기물,충북,음성군,1,500,2,"1,260"
2018,폐기물,충북,충주시,1,760,2,"1,260"
2018,매립지가스(LFG),대전,대덕구,1,99,1,99
2019,태양광,강원,강릉시,286,36439.58,4131,"571,214.19"
2019,태양광,강원,고성군,263,66223.56,4131,"571,214.19"
2019,태양광,강원,동해시,56,6075.41,4131,"571,214.19"
2019,태양광,강원,삼척시,173,26313.99,4131,"571,214.19"
2019,태양광,강원,속초시,44,3744.01,4131,"571,214.19"
2019,태양광,강원,양구군,485,54590.25,4131,"571,214.19"
2019,태양광,강원,양양군,50,8191.13,4131,"571,214.19"
2019,태양광,강원,영월군,165,20762.26,4131,"571,214.19"
2019,태양광,강원,원주시,471,43730.07,4131,"571,214.19"
2019,태양광,강원,인제군,405,58948.19,4131,"571,214.19"
2019,태양광,강원,정선군,99,11281.72,4131,"571,214.19"
2019,태양광,강원,철원군,275,58805.41,4131,"571,214.19"
2019,태양광,강원,춘천시,307,25670.34,4131,"571,214.19"
2019,태양광,강원,태백시,49,14582.97,4131,"571,214.19"
2019,태양광,강원,평창군,160,21229.95,4131,"571,214.19"
2019,태양광,강원,홍천군,410,43985.4,4131,"571,214.19"
2019,태양광,강원,화천군,198,37027.11,4131,"571,214.19"
2019,태양광,강원,횡성군,235,33612.84,4131,"571,214.19"
2019,태양광,경기,가평군,190,17531.98,5120,"525,796.66"
2019,태양광,경기,고양시,167,12823.53,5120,"525,796.66"
2019,태양광,경기,과천시,4,244,5120,"525,796.66"
2019,태양광,경기,광명시,8,328.18,5120,"525,796.66"
2019,태양광,경기,광주시,162,11840.91,5120,"525,796.66"
2019,태양광,경기,구리시,10,977,5120,"525,796.66"
2019,태양광,경기,군포시,10,2240.15,5120,"525,796.66"
2019,태양광,경기,김포시,302,26716.71,5120,"525,796.66"
2019,태양광,경기,남양주시,96,7051.94,5120,"525,796.66"
2019,태양광,경기,동두천시,36,2687,5120,"525,796.66"
2019,태양광,경기,부천시,13,1516.81,5120,"525,796.66"
2019,태양광,경기,성남시,21,1649.52,5120,"525,796.66"
2019,태양광,경기,수원시,65,3988.85,5120,"525,796.66"
2019,태양광,경기,시흥시,89,12731.96,5120,"525,796.66"
2019,태양광,경기,안산시,106,8601.63,5120,"525,796.66"
2019,태양광,경기,안성시,394,51640.93,5120,"525,796.66"
2019,태양광,경기,안양시,13,1294.98,5120,"525,796.66"
2019,태양광,경기,양주시,141,9912.53,5120,"525,796.66"
2019,태양광,경기,양평군,177,11305.85,5120,"525,796.66"
2019,태양광,경기,여주군,95,9725.26,5120,"525,796.66"
2019,태양광,경기,여주시,394,55907.34,5120,"525,796.66"
2019,태양광,경기,연천군,172,28227.84,5120,"525,796.66"
2019,태양광,경기,오산시,25,1873.76,5120,"525,796.66"
2019,태양광,경기,용인시,177,17169.39,5120,"525,796.66"
2019,태양광,경기,의왕시,8,433.07,5120,"525,796.66"
2019,태양광,경기,의정부시,13,410.71,5120,"525,796.66"
2019,태양광,경기,이천시,424,59944.96,5120,"525,796.66"
2019,태양광,경기,파주시,357,30097.14,5120,"525,796.66"
2019,태양광,경기,평택시,380,33066.05,5120,"525,796.66"
2019,태양광,경기,포천시,344,32356.72,5120,"525,796.66"
2019,태양광,경기,하남시,27,2201.24,5120,"525,796.66"
2019,태양광,경기,화성시,700,69298.72,5120,"525,796.66"
2019,태양광,경남,거제시,74,3723.29,3859,"524,542.38"
2019,태양광,경남,거창군,333,51772.64,3859,"524,542.38"
2019,태양광,경남,고성군,217,29050.82,3859,"524,542.38"
2019,태양광,경남,김해시,272,31861.37,3859,"524,542.38"
2019,태양광,경남,남해군,239,19861.84,3859,"524,542.38"
2019,태양광,경남,마산시,2,117.88,3859,"524,542.38"
2019,태양광,경남,밀양시,265,22496.41,3859,"524,542.38"
2019,태양광,경남,사천시,254,30384.48,3859,"524,542.38"
2019,태양광,경남,산청군,227,42140.15,3859,"524,542.38"
2019,태양광,경남,양산시,122,13508.3,3859,"524,542.38"
2019,태양광,경남,의령군,115,27550.9,3859,"524,542.38"
2019,태양광,경남,진주시,205,26261.4,3859,"524,542.38"
2019,태양광,경남,진해시,1,9.6,3859,"524,542.38"
2019,태양광,경남,창녕군,220,42358,3859,"524,542.38"
2019,태양광,경남,창원시,253,31299.37,3859,"524,542.38"
2019,태양광,경남,통영시,43,1963.96,3859,"524,542.38"
2019,태양광,경남,하동군,287,39002.4,3859,"524,542.38"
2019,태양광,경남,함안군,205,29505.56,3859,"524,542.38"
2019,태양광,경남,함양군,164,22598.87,3859,"524,542.38"
2019,태양광,경남,합천군,361,59075.14,3859,"524,542.38"
2019,태양광,경북,경산시,264,29589.73,6495,"956,832.14"
2019,태양광,경북,경주시,223,34396.42,6495,"956,832.14"
2019,태양광,경북,고령군,105,9683.36,6495,"956,832.14"
2019,태양광,경북,구미시,444,54796.8,6495,"956,832.14"
2019,태양광,경북,군위군,204,44504.52,6495,"956,832.14"
2019,태양광,경북,김천시,371,57146.89,6495,"956,832.14"
2019,태양광,경북,문경시,183,30765.7,6495,"956,832.14"
2019,태양광,경북,봉화군,207,30505.18,6495,"956,832.14"
2019,태양광,경북,상주시,1149,170350.59,6495,"956,832.14"
2019,태양광,경북,성주군,290,42170.65,6495,"956,832.14"
2019,태양광,경북,안동시,401,57338.33,6495,"956,832.14"
2019,태양광,경북,영덕군,127,31561.36,6495,"956,832.14"
2019,태양광,경북,영양군,197,25142.92,6495,"956,832.14"
2019,태양광,경북,영주시,507,62474.13,6495,"956,832.14"
2019,태양광,경북,영천시,474,75749.32,6495,"956,832.14"
2019,태양광,경북,예천군,403,58009.1,6495,"956,832.14"
2019,태양광,경북,울진군,44,5638.6,6495,"956,832.14"
2019,태양광,경북,의성군,323,65267.81,6495,"956,832.14"
2019,태양광,경북,청도군,100,11066.23,6495,"956,832.14"
2019,태양광,경북,청송군,93,9716.15,6495,"956,832.14"
2019,태양광,경북,칠곡군,197,23259.33,6495,"956,832.14"
2019,태양광,경북,포항시,189,27699.02,6495,"956,832.14"
2019,태양광,광주,광산구,487,87995.48,890,"119,081.76"
2019,태양광,광주,남구,41,3008.68,890,"119,081.76"
2019,태양광,광주,동구,19,1832.5,890,"119,081.76"
2019,태양광,광주,북구,235,19078.37,890,"119,081.76"
2019,태양광,광주,서구,108,7166.73,890,"119,081.76"
2019,태양광,대구,남구,13,221.77,420,"36,251.05"
2019,태양광,대구,달서구,86,9127.94,420,"36,251.05"
2019,태양광,대구,달성군,138,17533.86,420,"36,251.05"
2019,태양광,대구,동구,64,3876.31,420,"36,251.05"
2019,태양광,대구,북구,66,3626.8,420,"36,251.05"
2019,태양광,대구,서구,20,833.21,420,"36,251.05"
2019,태양광,대구,수성구,29,941.16,420,"36,251.05"
2019,태양광,대구,중구,4,90,420,"36,251.05"
2019,태양광,대전,대덕구,77,7438.64,302,"19,035.77"
2019,태양광,대전,동구,49,3016.82,302,"19,035.77"
2019,태양광,대전,서구,71,2349.17,302,"19,035.77"
2019,태양광,대전,유성구,63,4650.39,302,"19,035.77"
2019,태양광,대전,중구,42,1580.75,302,"19,035.77"
2019,태양광,부산,강서구,154,27387.35,351,"42,493.12"
2019,태양광,부산,금정구,19,928.46,351,"42,493.12"
2019,태양광,부산,기장군,38,5399.02,351,"42,493.12"
2019,태양광,부산,남구,11,711.85,351,"42,493.12"
2019,태양광,부산,동구,5,115,351,"42,493.12"
2019,태양광,부산,동래구,15,679.48,351,"42,493.12"
2019,태양광,부산,부산진구,8,478.5,351,"42,493.12"
2019,태양광,부산,북구,6,341.29,351,"42,493.12"
2019,태양광,부산,사상구,25,1417.07,351,"42,493.12"
2019,태양광,부산,사하구,34,3271.55,351,"42,493.12"
2019,태양광,부산,서구,3,88.52,351,"42,493.12"
2019,태양광,부산,수영구,4,88,351,"42,493.12"
2019,태양광,부산,연제구,2,112.85,351,"42,493.12"
2019,태양광,부산,영도구,7,280.55,351,"42,493.12"
2019,태양광,부산,중구,5,170.28,351,"42,493.12"
2019,태양광,부산,해운대구,15,1023.35,351,"42,493.12"
2019,태양광,서울,강남구,16,1519.56,406,"21,935.09"
2019,태양광,서울,강동구,17,686.7,406,"21,935.09"
2019,태양광,서울,강북구,21,685.66,406,"21,935.09"
2019,태양광,서울,강서구,21,1104.78,406,"21,935.09"
2019,태양광,서울,관악구,20,733.4,406,"21,935.09"
2019,태양광,서울,광진구,26,1750.81,406,"21,935.09"
2019,태양광,서울,구로구,22,1067.78,406,"21,935.09"
2019,태양광,서울,금천구,13,688.67,406,"21,935.09"
2019,태양광,서울,노원구,27,1301.53,406,"21,935.09"
2019,태양광,서울,도봉구,21,705.42,406,"21,935.09"
2019,태양광,서울,동대문구,16,524,406,"21,935.09"
2019,태양광,서울,동작구,14,502.76,406,"21,935.09"
2019,태양광,서울,마포구,16,680.54,406,"21,935.09"
2019,태양광,서울,서대문구,17,505.3,406,"21,935.09"
2019,태양광,서울,서초구,10,287.69,406,"21,935.09"
2019,태양광,서울,성동구,11,3452.88,406,"21,935.09"
2019,태양광,서울,성북구,24,671.92,406,"21,935.09"
2019,태양광,서울,송파구,18,701.56,406,"21,935.09"
2019,태양광,서울,양천구,11,492.13,406,"21,935.09"
2019,태양광,서울,영등포구,12,1221.72,406,"21,935.09"
2019,태양광,서울,용산구,4,40,406,"21,935.09"
2019,태양광,서울,은평구,16,654.75,406,"21,935.09"
2019,태양광,서울,종로구,4,76,406,"21,935.09"
2019,태양광,서울,중구,7,934.3,406,"21,935.09"
2019,태양광,서울,중랑구,22,945.23,406,"21,935.09"
2019,태양광,세종,,212,24151.67,212,"24,151.67"
2019,태양광,울산,남구,31,2357.65,224,"25,475.17"
2019,태양광,울산,동구,8,263,224,"25,475.17"
2019,태양광,울산,북구,43,5585,224,"25,475.17"
2019,태양광,울산,울주군,133,16895.14,224,"25,475.17"
2019,태양광,울산,중구,9,374.38,224,"25,475.17"
2019,태양광,인천,강화군,254,16768.05,500,"46,345.19"
2019,태양광,인천,계양구,5,342.06,500,"46,345.19"
2019,태양광,인천,남구,22,1534.26,500,"46,345.19"
2019,태양광,인천,남동구,37,3658.45,500,"46,345.19"
2019,태양광,인천,동구,2,645,500,"46,345.19"
2019,태양광,인천,부평구,11,860.36,500,"46,345.19"
2019,태양광,인천,서구,98,11784.3,500,"46,345.19"
2019,태양광,인천,연수구,15,1725,500,"46,345.19"
2019,태양광,인천,옹진군,21,1909,500,"46,345.19"
2019,태양광,인천,중구,35,7118.71,500,"46,345.19"
2019,태양광,전남,강진군,586,87791.95,9113,"1,402,895.37"
2019,태양광,전남,고흥군,1089,147004.9,9113,"1,402,895.37"
2019,태양광,전남,곡성군,260,38529.6,9113,"1,402,895.37"
2019,태양광,전남,광양시,238,35261.48,9113,"1,402,895.37"
2019,태양광,전남,구례군,31,3060.24,9113,"1,402,895.37"
2019,태양광,전남,나주시,647,104977.83,9113,"1,402,895.37"
2019,태양광,전남,담양군,317,35023.45,9113,"1,402,895.37"
2019,태양광,전남,목포시,158,30743.79,9113,"1,402,895.37"
2019,태양광,전남,무안군,578,83760.45,9113,"1,402,895.37"
2019,태양광,전남,보성군,277,57824.47,9113,"1,402,895.37"
2019,태양광,전남,순천시,529,75734.82,9113,"1,402,895.37"
2019,태양광,전남,신안군,135,35538.54,9113,"1,402,895.37"
2019,태양광,전남,여수시,219,35950.39,9113,"1,402,895.37"
2019,태양광,전남,영광군,222,28809.48,9113,"1,402,895.37"
2019,태양광,전남,영암군,781,129642.51,9113,"1,402,895.37"
2019,태양광,전남,완도군,478,51888.6,9113,"1,402,895.37"
2019,태양광,전남,장성군,396,62578.36,9113,"1,402,895.37"
2019,태양광,전남,장흥군,208,40844.59,9113,"1,402,895.37"
2019,태양광,전남,진도군,209,35589.43,9113,"1,402,895.37"
2019,태양광,전남,함평군,284,41910.71,9113,"1,402,895.37"
2019,태양광,전남,해남군,1017,165372.05,9113,"1,402,895.37"
2019,태양광,전남,화순군,454,75057.73,9113,"1,402,895.37"
2019,태양광,전북,고창군,681,76127.36,14434,"1,703,175.50"
2019,태양광,전북,군산시,861,113351.6,14434,"1,703,175.50"
2019,태양광,전북,김제시,2718,320668.21,14434,"1,703,175.50"
2019,태양광,전북,남원시,1316,172684.62,14434,"1,703,175.50"
2019,태양광,전북,무주군,132,16491.2,14434,"1,703,175.50"
2019,태양광,전북,부안군,954,121560.63,14434,"1,703,175.50"
2019,태양광,전북,순창군,231,26903.31,14434,"1,703,175.50"
2019,태양광,전북,완주군,794,102440.15,14434,"1,703,175.50"
2019,태양광,전북,익산시,2316,258851.25,14434,"1,703,175.50"
2019,태양광,전북,임실군,955,105733.34,14434,"1,703,175.50"
2019,태양광,전북,장수군,475,79958.1,14434,"1,703,175.50"
2019,태양광,전북,전주시,557,40514.14,14434,"1,703,175.50"
2019,태양광,전북,정읍시,2023,213427.18,14434,"1,703,175.50"
2019,태양광,전북,진안군,421,54464.41,14434,"1,703,175.50"
2019,태양광,제주,서귀포시,65,17567.76,147,"32,645.21"
2019,태양광,제주,제주시,82,15077.45,147,"32,645.21"
2019,태양광,충남,계룡시,9,286.18,7495,"955,583.22"
2019,태양광,충남,공주시,672,73538.38,7495,"955,583.22"
2019,태양광,충남,금산군,452,63412.52,7495,"955,583.22"
2019,태양광,충남,논산시,1229,149146.89,7495,"955,583.22"
2019,태양광,충남,당진시,500,51782.17,7495,"955,583.22"
2019,태양광,충남,보령시,577,72634.05,7495,"955,583.22"
2019,태양광,충남,부여군,833,115171.4,7495,"955,583.22"
2019,태양광,충남,서산시,521,65320.66,7495,"955,583.22"
2019,태양광,충남,서천군,496,61510.69,7495,"955,583.22"
2019,태양광,충남,아산시,482,58525.26,7495,"955,583.22"
2019,태양광,충남,연기군,29,1775.79,7495,"955,583.22"
2019,태양광,충남,예산군,557,59159.09,7495,"955,583.22"
2019,태양광,충남,천안시,334,43849.9,7495,"955,583.22"
2019,태양광,충남,청양군,208,25123.42,7495,"955,583.22"
2019,태양광,충남,태안군,202,39054.66,7495,"955,583.22"
2019,태양광,충남,홍성군,394,75292.16,7495,"955,583.22"
2019,태양광,충북,괴산군,356,33555.45,4383,"438,337.56"
2019,태양광,충북,단양군,140,18671.28,4383,"438,337.56"
2019,태양광,충북,보은군,343,35339.98,4383,"438,337.56"
2019,태양광,충북,영동군,238,35225.23,4383,"438,337.56"
2019,태양광,충북,옥천군,550,48477.84,4383,"438,337.56"
2019,태양광,충북,음성군,350,32138.78,4383,"438,337.56"
2019,태양광,충북,제천시,354,35512.34,4383,"438,337.56"
2019,태양광,충북,증평군,153,14047.57,4383,"438,337.56"
2019,태양광,충북,진천군,235,34034.77,4383,"438,337.56"
2019,태양광,충북,청원군,1,49.55,4383,"438,337.56"
2019,태양광,충북,청주시,922,81874.27,4383,"438,337.56"
2019,태양광,충북,충주시,741,69410.5,4383,"438,337.56"
2019,소수력,강원,강릉시,2,870,7,"2,223"
2019,소수력,강원,고성군,1,180,7,"2,223"
2019,소수력,강원,양구군,1,180,7,"2,223"
2019,소수력,강원,철원군,1,465,7,"2,223"
2019,소수력,강원,홍천군,1,430,7,"2,223"
2019,소수력,강원,화천군,1,98,7,"2,223"
2019,소수력,경기,구리시,1,45,3,414
2019,소수력,경기,안산시,1,9,3,414
2019,소수력,경기,안성시,1,360,3,414
2019,소수력,경남,산청군,1,150,2,249
2019,소수력,경남,하동군,1,99,2,249
2019,소수력,경북,문경시,1,220,7,"1,624"
2019,소수력,경북,봉화군,1,410,7,"1,624"
2019,소수력,경북,상주시,1,189,7,"1,624"
2019,소수력,경북,영주시,2,530,7,"1,624"
2019,소수력,경북,예천군,1,25,7,"1,624"
2019,소수력,경북,울진군,1,250,7,"1,624"
2019,소수력,부산,금정구,1,55,2,65
2019,소수력,부산,동래구,1,10,2,65
2019,소수력,서울,강서구,2,100,5,416
2019,소수력,서울,동작구,1,300,5,416
2019,소수력,서울,성동구,2,16,5,416
2019,소수력,전남,담양군,1,35,4,194
2019,소수력,전남,완도군,2,144,4,194
2019,소수력,전남,해남군,1,15,4,194
2019,소수력,전북,순창군,2,110,2,110
2019,소수력,충남,논산시,1,320,4,"1,470"
2019,소수력,충남,보령시,1,490,4,"1,470"
2019,소수력,충남,아산시,1,180,4,"1,470"
2019,소수력,충남,예산군,1,480,4,"1,470"
2019,소수력,충북,보은군,1,600,1,600
2019,풍력,강원,강릉시,1,80,2,179
2019,풍력,강원,홍천군,1,99,2,179
2019,풍력,경기,안산시,1,21,2,76
2019,풍력,경기,안성시,1,55,2,76
2019,풍력,경남,하동군,1,6,1,6
2019,풍력,부산,기장군,1,8,1,8
2019,풍력,제주,제주시,1,99.4,1,99.4
2019,풍력,충남,서산시,1,20,1,20
2019,바이오,강원,원주시,2,1870,3,"2,670"
2019,바이오,강원,춘천시,1,800,3,"2,670"
2019,바이오,경기,연천군,1,450,2,700
2019,바이오,경기,이천시,1,250,2,700
2019,바이오,경남,양산시,2,1420,3,"1,870"
2019,바이오,경남,진주시,1,450,3,"1,870"
2019,바이오,전남,담양군,1,640,1,640
2019,바이오,전북,고창군,1,80,5,"1,148"
2019,바이오,전북,군산시,1,498,5,"1,148"
2019,바이오,전북,김제시,1,50,5,"1,148"
2019,바이오,전북,정읍시,2,520,5,"1,148"
2019,바이오,충남,논산시,1,600,4,"2,060"
2019,바이오,충남,청양군,3,1460,4,"2,060"
2019,바이오,충북,청주시,1,750,1,750
2019,연료전지,강원,평창군,1,96,1,96
2019,연료전지,경기,안산시,1,880,2,"1,320"
2019,연료전지,경기,포천시,1,440,2,"1,320"
2019,연료전지,경남,거창군,1,105,1,105
2019,연료전지,경북,칠곡군,2,1078,2,"1,078"
2019,연료전지,대구,동구,1,297,1,297
2019,연료전지,전북,완주군,1,840,1,840
2019,폐기물,강원,속초시,1,490,2,988
2019,폐기물,강원,태백시,1,498,2,988
2019,폐기물,경기,김포시,1,909,1,909
2019,폐기물,경남,거창군,1,133,3,673
2019,폐기물,경남,창원시,1,400,3,673
2019,폐기물,경남,함양군,1,140,3,673
2019,폐기물,경북,칠곡군,1,160,1,160
2019,폐기물,전남,무안군,1,480,1,480
2019,폐기물,전북,전주시,1,160,1,160
2019,폐기물,충남,보령시,1,440,1,440
2019,폐기물,충북,음성군,1,500,2,"1,260"
2019,폐기물,충북,충주시,1,760,2,"1,260"
2019,매립지가스(LFG),대전,대덕구,1,99,1,99
2019,매립지가스(LFG),충북,충주시,1,95,1,95
2020,태양광,강원,강릉시,378,55804,5633,"803,847"
2020,태양광,강원,고성군,354,78213,5633,"803,847"
2020,태양광,강원,동해시,62,6662,5633,"803,847"
2020,태양광,강원,삼척시,238,41317,5633,"803,847"
2020,태양광,강원,속초시,45,3760,5633,"803,847"
2020,태양광,강원,양구군,626,71831,5633,"803,847"
2020,태양광,강원,양양군,62,10942,5633,"803,847"
2020,태양광,강원,영월군,222,29391,5633,"803,847"
2020,태양광,강원,원주시,609,60746,5633,"803,847"
2020,태양광,강원,인제군,562,76724,5633,"803,847"
2020,태양광,강원,정선군,162,27523,5633,"803,847"
2020,태양광,강원,철원군,427,76695,5633,"803,847"
2020,태양광,강원,춘천시,357,29531,5633,"803,847"
2020,태양광,강원,태백시,63,22189,5633,"803,847"
2020,태양광,강원,평창군,281,55740,5633,"803,847"
2020,태양광,강원,홍천군,611,62921,5633,"803,847"
2020,태양광,강원,화천군,289,54438,5633,"803,847"
2020,태양광,강원,횡성군,285,39420,5633,"803,847"
2020,태양광,경기,가평군,235,21509.38,6988,"722,094.12"
2020,태양광,경기,고양시,219,16208.28,6988,"722,094.12"
2020,태양광,경기,과천시,4,244,6988,"722,094.12"
2020,태양광,경기,광명시,14,1194.18,6988,"722,094.12"
2020,태양광,경기,광주시,211,15101.91,6988,"722,094.12"
2020,태양광,경기,구리시,11,996,6988,"722,094.12"
2020,태양광,경기,군포시,14,2825.15,6988,"722,094.12"
2020,태양광,경기,김포시,399,34689.27,6988,"722,094.12"
2020,태양광,경기,남양주시,117,8593.44,6988,"722,094.12"
2020,태양광,경기,동두천시,41,3791,6988,"722,094.12"
2020,태양광,경기,부천시,20,2024.81,6988,"722,094.12"
2020,태양광,경기,성남시,30,3286.02,6988,"722,094.12"
2020,태양광,경기,수원시,80,5653.85,6988,"722,094.12"
2020,태양광,경기,시흥시,120,16108.96,6988,"722,094.12"
2020,태양광,경기,안산시,130,10746.53,6988,"722,094.12"
2020,태양광,경기,안성시,633,77381.93,6988,"722,094.12"
2020,태양광,경기,안양시,16,1812.98,6988,"722,094.12"
2020,태양광,경기,양주시,188,13061.78,6988,"722,094.12"
2020,태양광,경기,양평군,233,14848.85,6988,"722,094.12"
2020,태양광,경기,여주시,631,88573.6,6988,"722,094.12"
2020,태양광,경기,연천군,313,47884.98,6988,"722,094.12"
2020,태양광,경기,오산시,37,2837.87,6988,"722,094.12"
2020,태양광,경기,용인시,227,21094.39,6988,"722,094.12"
2020,태양광,경기,의왕시,11,994.07,6988,"722,094.12"
2020,태양광,경기,의정부시,14,675.71,6988,"722,094.12"
2020,태양광,경기,이천시,555,79499.96,6988,"722,094.12"
2020,태양광,경기,파주시,481,39245.62,6988,"722,094.12"
2020,태양광,경기,평택시,475,44879.69,6988,"722,094.12"
2020,태양광,경기,포천시,470,47992.23,6988,"722,094.12"
2020,태양광,경기,하남시,37,3089.24,6988,"722,094.12"
2020,태양광,경기,화성시,1022,95248.44,6988,"722,094.12"
2020,태양광,경남,거제시,95,5744,5651,"754,389.67"
2020,태양광,경남,거창군,494,71406,5651,"754,389.67"
2020,태양광,경남,고성군,257,31649,5651,"754,389.67"
2020,태양광,경남,김해시,329,36933.37,5651,"754,389.67"
2020,태양광,경남,남해군,359,28149,5651,"754,389.67"
2020,태양광,경남,밀양시,392,31715,5651,"754,389.67"
2020,태양광,경남,사천시,330,38887,5651,"754,389.67"
2020,태양광,경남,산청군,343,57161,5651,"754,389.67"
2020,태양광,경남,양산시,151,15059.3,5651,"754,389.67"
2020,태양광,경남,의령군,172,44436,5651,"754,389.67"
2020,태양광,경남,진주시,322,38020,5651,"754,389.67"
2020,태양광,경남,창녕군,314,52383,5651,"754,389.67"
2020,태양광,경남,창원시,322,41275,5651,"754,389.67"
2020,태양광,경남,통영시,60,3906,5651,"754,389.67"
2020,태양광,경남,하동군,558,89762,5651,"754,389.67"
2020,태양광,경남,함안군,278,39397,5651,"754,389.67"
2020,태양광,경남,함양군,251,35421,5651,"754,389.67"
2020,태양광,경남,합천군,624,93086,5651,"754,389.67"
2020,태양광,경북,경산시,437,47304.36,10199,"1,403,801.51"
2020,태양광,경북,경주시,387,49171.7,10199,"1,403,801.51"
2020,태양광,경북,고령군,158,14232.36,10199,"1,403,801.51"
2020,태양광,경북,구미시,910,107523.05,10199,"1,403,801.51"
2020,태양광,경북,군위군,358,72199.52,10199,"1,403,801.51"
2020,태양광,경북,김천시,696,102226.83,10199,"1,403,801.51"
2020,태양광,경북,문경시,337,46851.53,10199,"1,403,801.51"
2020,태양광,경북,봉화군,331,51236.88,10199,"1,403,801.51"
2020,태양광,경북,상주시,1470,212917.43,10199,"1,403,801.51"
2020,태양광,경북,성주군,380,49406.94,10199,"1,403,801.51"
2020,태양광,경북,안동시,620,79713.31,10199,"1,403,801.51"
2020,태양광,경북,영덕군,253,60495.36,10199,"1,403,801.51"
2020,태양광,경북,영양군,282,31618.92,10199,"1,403,801.51"
2020,태양광,경북,영주시,755,95095.39,10199,"1,403,801.51"
2020,태양광,경북,영천시,619,92497.32,10199,"1,403,801.51"
2020,태양광,경북,예천군,697,92922.1,10199,"1,403,801.51"
2020,태양광,경북,울진군,59,6671.6,10199,"1,403,801.51"
2020,태양광,경북,의성군,537,94539.81,10199,"1,403,801.51"
2020,태양광,경북,청도군,146,13826.24,10199,"1,403,801.51"
2020,태양광,경북,청송군,188,17489.15,10199,"1,403,801.51"
2020,태양광,경북,칠곡군,334,32900.33,10199,"1,403,801.51"
2020,태양광,경북,포항시,245,32961.38,10199,"1,403,801.51"
2020,태양광,광주,광산구,593,100279.79,1097,"137,023.09"
2020,태양광,광주,남구,55,3623.68,1097,"137,023.09"
2020,태양광,광주,동구,24,1953.5,1097,"137,023.09"
2020,태양광,광주,북구,288,23069.87,1097,"137,023.09"
2020,태양광,광주,서구,137,8096.25,1097,"137,023.09"
2020,태양광,대구,남구,24,442.8,582,"49,377"
2020,태양광,대구,달서구,120,12764,582,"49,377"
2020,태양광,대구,달성군,189,22695.79,582,"49,377"
2020,태양광,대구,동구,88,5725.31,582,"49,377"
2020,태양광,대구,북구,95,5350.8,582,"49,377"
2020,태양광,대구,서구,28,1273.14,582,"49,377"
2020,태양광,대구,수성구,31,981.16,582,"49,377"
2020,태양광,대구,중구,7,144,582,"49,377"
2020,태양광,대전,대덕구,94,8165.64,375,"21,844.77"
2020,태양광,대전,동구,59,3416.82,375,"21,844.77"
2020,태양광,대전,서구,93,3054.17,375,"21,844.77"
2020,태양광,대전,유성구,82,5498.39,375,"21,844.77"
2020,태양광,대전,중구,47,1709.75,375,"21,844.77"
2020,태양광,부산,강서구,194,32707.35,433,"49,964.34"
2020,태양광,부산,금정구,25,1097.46,433,"49,964.34"
2020,태양광,부산,기장군,48,6002.02,433,"49,964.34"
2020,태양광,부산,남구,11,711.85,433,"49,964.34"
2020,태양광,부산,동구,7,150,433,"49,964.34"
2020,태양광,부산,동래구,16,704.48,433,"49,964.34"
2020,태양광,부산,부산진구,9,495.5,433,"49,964.34"
2020,태양광,부산,북구,7,370.29,433,"49,964.34"
2020,태양광,부산,사상구,32,1973.07,433,"49,964.34"
2020,태양광,부산,사하구,40,3698.77,433,"49,964.34"
2020,태양광,부산,서구,3,88.52,433,"49,964.34"
2020,태양광,부산,수영구,6,198,433,"49,964.34"
2020,태양광,부산,연제구,5,200.85,433,"49,964.34"
2020,태양광,부산,영도구,8,327.55,433,"49,964.34"
2020,태양광,부산,중구,5,170.28,433,"49,964.34"
2020,태양광,부산,해운대구,17,1068.35,433,"49,964.34"
2020,태양광,서울,강남구,19,1644.56,463,"26,336.44"
2020,태양광,서울,강동구,19,720.7,463,"26,336.44"
2020,태양광,서울,강북구,21,685.66,463,"26,336.44"
2020,태양광,서울,강서구,25,1991.78,463,"26,336.44"
2020,태양광,서울,관악구,22,780.4,463,"26,336.44"
2020,태양광,서울,광진구,29,2007.81,463,"26,336.44"
2020,태양광,서울,구로구,23,1087.78,463,"26,336.44"
2020,태양광,서울,금천구,15,726.02,463,"26,336.44"
2020,태양광,서울,노원구,32,2522.53,463,"26,336.44"
2020,태양광,서울,도봉구,23,799.42,463,"26,336.44"
2020,태양광,서울,동대문구,20,617,463,"26,336.44"
2020,태양광,서울,동작구,17,547.76,463,"26,336.44"
2020,태양광,서울,마포구,16,680.54,463,"26,336.44"
2020,태양광,서울,서대문구,18,537.3,463,"26,336.44"
2020,태양광,서울,서초구,15,616.69,463,"26,336.44"
2020,태양광,서울,성동구,11,3452.88,463,"26,336.44"
2020,태양광,서울,성북구,24,671.92,463,"26,336.44"
2020,태양광,서울,송파구,25,1064.56,463,"26,336.44"
2020,태양광,서울,양천구,13,555.13,463,"26,336.44"
2020,태양광,서울,영등포구,14,1392.72,463,"26,336.44"
2020,태양광,서울,용산구,4,103,463,"26,336.44"
2020,태양광,서울,은평구,23,976.75,463,"26,336.44"
2020,태양광,서울,종로구,4,76,463,"26,336.44"
2020,태양광,서울,중구,7,934.3,463,"26,336.44"
2020,태양광,서울,중랑구,24,1143.23,463,"26,336.44"
2020,태양광,세종,,258,27122.22,258,"27,122.22"
2020,태양광,울산,남구,41,3130.65,314,"35,401.50"
2020,태양광,울산,동구,11,342,314,"35,401.50"
2020,태양광,울산,북구,56,6869,314,"35,401.50"
2020,태양광,울산,울주군,195,24641.47,314,"35,401.50"
2020,태양광,울산,중구,11,418.38,314,"35,401.50"
2020,태양광,인천,강화군,290,18559.05,585,"54,059.15"
2020,태양광,인천,계양구,11,1102.06,585,"54,059.15"
2020,태양광,인천,남구,24,1572.26,585,"54,059.15"
2020,태양광,인천,남동구,43,4756.6,585,"54,059.15"
2020,태양광,인천,동구,3,663,585,"54,059.15"
2020,태양광,인천,부평구,12,914.36,585,"54,059.15"
2020,태양광,인천,서구,113,13967.11,585,"54,059.15"
2020,태양광,인천,연수구,17,2063,585,"54,059.15"
2020,태양광,인천,옹진군,24,1963,585,"54,059.15"
2020,태양광,인천,중구,48,8498.71,585,"54,059.15"
2020,태양광,전남,강진군,835,119864.45,13176,"1,940,452.16"
2020,태양광,전남,고흥군,1328,166401.37,13176,"1,940,452.16"
2020,태양광,전남,곡성군,346,44159.1,13176,"1,940,452.16"
2020,태양광,전남,광양시,395,53645.48,13176,"1,940,452.16"
2020,태양광,전남,구례군,58,3993.24,13176,"1,940,452.16"
2020,태양광,전남,나주시,976,157899.09,13176,"1,940,452.16"
2020,태양광,전남,담양군,382,38537.45,13176,"1,940,452.16"
2020,태양광,전남,목포시,188,35049.21,13176,"1,940,452.16"
2020,태양광,전남,무안군,908,122149.39,13176,"1,940,452.16"
2020,태양광,전남,보성군,390,81099.51,13176,"1,940,452.16"
2020,태양광,전남,순천시,860,113422.82,13176,"1,940,452.16"
2020,태양광,전남,신안군,189,55222.18,13176,"1,940,452.16"
2020,태양광,전남,여수시,389,52142.89,13176,"1,940,452.16"
2020,태양광,전남,영광군,336,36981.02,13176,"1,940,452.16"
2020,태양광,전남,영암군,1329,218664.31,13176,"1,940,452.16"
2020,태양광,전남,완도군,512,53716.6,13176,"1,940,452.16"
2020,태양광,전남,장성군,546,80577.36,13176,"1,940,452.16"
2020,태양광,전남,장흥군,356,56330.99,13176,"1,940,452.16"
2020,태양광,전남,진도군,462,69314.43,13176,"1,940,452.16"
2020,태양광,전남,함평군,378,57144.05,13176,"1,940,452.16"
2020,태양광,전남,해남군,1362,222421.19,13176,"1,940,452.16"
2020,태양광,전남,화순군,651,101716.03,13176,"1,940,452.16"
2020,태양광,전북,고창군,907,103044.36,20851,"2,445,377.82"
2020,태양광,전북,군산시,1240,160485.87,20851,"2,445,377.82"
2020,태양광,전북,김제시,3424,398611.44,20851,"2,445,377.82"
2020,태양광,전북,남원시,2157,284346.9,20851,"2,445,377.82"
2020,태양광,전북,무주군,245,26271.2,20851,"2,445,377.82"
2020,태양광,전북,부안군,1333,157080.88,20851,"2,445,377.82"
2020,태양광,전북,순창군,392,42907.31,20851,"2,445,377.82"
2020,태양광,전북,완주군,1186,144990.38,20851,"2,445,377.82"
2020,태양광,전북,익산시,3176,355536.5,20851,"2,445,377.82"
2020,태양광,전북,임실군,1440,159090.27,20851,"2,445,377.82"
2020,태양광,전북,장수군,982,148334.98,20851,"2,445,377.82"
2020,태양광,전북,전주시,642,44378.78,20851,"2,445,377.82"
2020,태양광,전북,정읍시,2965,326918.54,20851,"2,445,377.82"
2020,태양광,전북,진안군,762,93380.41,20851,"2,445,377.82"
2020,태양광,제주,서귀포시,232,58853,519,"123,474"
2020,태양광,제주,제주시,287,64621,519,"123,474"
2020,태양광,충남,계룡시,14,532.18,11536,"1,407,364.52"
2020,태양광,충남,공주시,1010,103684.38,11536,"1,407,364.52"
2020,태양광,충남,금산군,779,96539.64,11536,"1,407,364.52"
2020,태양광,충남,논산시,1956,231540.34,11536,"1,407,364.52"
2020,태양광,충남,당진시,681,65342.17,11536,"1,407,364.52"
2020,태양광,충남,보령시,768,99265.49,11536,"1,407,364.52"
2020,태양광,충남,부여군,1186,168942.58,11536,"1,407,364.52"
2020,태양광,충남,서산시,753,96705.97,11536,"1,407,364.52"
2020,태양광,충남,서천군,851,101179.56,11536,"1,407,364.52"
2020,태양광,충남,아산시,776,93904.85,11536,"1,407,364.52"
2020,태양광,충남,연기군,29,1775.79,11536,"1,407,364.52"
2020,태양광,충남,예산군,797,84337.64,11536,"1,407,364.52"
2020,태양광,충남,천안시,522,60382.63,11536,"1,407,364.52"
2020,태양광,충남,청양군,317,32878.74,11536,"1,407,364.52"
2020,태양광,충남,태안군,404,64416.4,11536,"1,407,364.52"
2020,태양광,충남,홍성군,693,105936.16,11536,"1,407,364.52"
2020,태양광,충북,괴산군,496,44875,6445,"633,068.55"
2020,태양광,충북,단양군,234,25985,6445,"633,068.55"
2020,태양광,충북,보은군,554,60764,6445,"633,068.55"
2020,태양광,충북,영동군,458,50526,6445,"633,068.55"
2020,태양광,충북,옥천군,845,77996,6445,"633,068.55"
2020,태양광,충북,음성군,634,64343,6445,"633,068.55"
2020,태양광,충북,제천시,493,43418,6445,"633,068.55"
2020,태양광,충북,증평군,208,18016,6445,"633,068.55"
2020,태양광,충북,진천군,366,53460,6445,"633,068.55"
2020,태양광,충북,청원군,1,49.55,6445,"633,068.55"
2020,태양광,충북,청주시,1222,107133,6445,"633,068.55"
2020,태양광,충북,충주시,934,86503,6445,"633,068.55"
2020,소수력,강원,강릉시,2,870,7,"2,223"
2020,소수력,강원,고성군,1,180,7,"2,223"
2020,소수력,강원,양구군,1,180,7,"2,223"
2020,소수력,강원,철원군,1,465,7,"2,223"
2020,소수력,강원,홍천군,1,430,7,"2,223"
2020,소수력,강원,화천군,1,98,7,"2,223"
2020,소수력,경기,구리시,1,45,4,468
2020,소수력,경기,안산시,1,9,4,468
2020,소수력,경기,안성시,1,360,4,468
2020,소수력,경기,용인시,1,54,4,468
2020,소수력,경남,산청군,1,150,4,329
2020,소수력,경남,하동군,3,179,4,329
2020,소수력,경북,문경시,1,220,8,"1,634"
2020,소수력,경북,봉화군,1,410,8,"1,634"
2020,소수력,경북,상주시,1,189,8,"1,634"
2020,소수력,경북,영주시,2,530,8,"1,634"
2020,소수력,경북,영천시,1,10,8,"1,634"
2020,소수력,경북,예천군,1,25,8,"1,634"
2020,소수력,경북,울진군,1,250,8,"1,634"
2020,소수력,부산,금정구,1,55,2,65
2020,소수력,부산,동래구,1,10,2,65
2020,소수력,서울,동작구,1,300,3,316
2020,소수력,서울,성동구,2,16,3,316
2020,소수력,전남,담양군,1,35,6,233
2020,소수력,전남,완도군,3,174,6,233
2020,소수력,전남,해남군,2,24,6,233
2020,소수력,전북,순창군,2,110,2,110
2020,소수력,충남,논산시,1,320,4,"1,470"
2020,소수력,충남,보령시,1,490,4,"1,470"
2020,소수력,충남,아산시,1,180,4,"1,470"
2020,소수력,충남,예산군,1,480,4,"1,470"
2020,소수력,충북,보은군,1,600,1,600
2020,풍력,강원,강릉시,1,80,1,80
2020,풍력,경기,안산시,1,21,2,76
2020,풍력,경기,안성시,1,55,2,76
2020,풍력,경남,하동군,1,6,1,6
2020,풍력,부산,기장군,1,8,1,8
2020,풍력,제주,제주시,1,99,1,99
2020,풍력,충남,서산시,1,20,1,20
2020,바이오,강원,원주시,2,1870,3,"2,670"
2020,바이오,강원,춘천시,1,800,3,"2,670"
2020,바이오,경기,연천군,1,450,2,700
2020,바이오,경기,이천시,1,250,2,700
2020,바이오,경남,양산시,2,1420,3,"1,870"
2020,바이오,경남,진주시,1,450,3,"1,870"
2020,바이오,전남,담양군,1,640,1,640
2020,바이오,전북,고창군,1,80,7,"2,146"
2020,바이오,전북,군산시,1,498,7,"2,146"
2020,바이오,전북,김제시,1,50,7,"2,146"
2020,바이오,전북,정읍시,4,1518,7,"2,146"
2020,바이오,충남,논산시,1,600,4,"2,060"
2020,바이오,충남,청양군,3,1460,4,"2,060"
2020,바이오,충북,청주시,1,750,1,750
2020,연료전지,강원,평창군,1,96,1,96
2020,연료전지,경기,안산시,1,880,3,"1,420"
2020,연료전지,경기,용인시,1,100,3,"1,420"
2020,연료전지,경기,포천시,1,440,3,"1,420"
2020,연료전지,경남,거창군,2,315,2,315
2020,연료전지,경북,칠곡군,2,1078,2,"1,078"
2020,연료전지,대구,동구,1,297,1,297
2020,연료전지,전북,군산시,1,210,3,"1,260"
2020,연료전지,전북,완주군,1,840,3,"1,260"
2020,연료전지,전북,익산시,1,210,3,"1,260"
2020,매립지가스(LFG),대전,대덕구,1,99,1,99
2021,태양광,강원,강릉시,492,59858.21,6994,"937,868.86"
2021,태양광,강원,고성군,465,88189.31,6994,"937,868.86"
2021,태양광,강원,동해시,72,7234.84,6994,"937,868.86"
2021,태양광,강원,삼척시,269,50919.06,6994,"937,868.86"
2021,태양광,강원,속초시,55,4382.14,6994,"937,868.86"
2021,태양광,강원,양구군,674,75686.6,6994,"937,868.86"
2021,태양광,강원,양양군,68,11160.66,6994,"937,868.86"
2021,태양광,강원,영월군,303,39143.16,6994,"937,868.86"
2021,태양광,강원,원주시,780,71853.75,6994,"937,868.86"
2021,태양광,강원,인제군,660,84136.73,6994,"937,868.86"
2021,태양광,강원,정선군,173,21363.14,6994,"937,868.86"
2021,태양광,강원,철원군,532,85451.79,6994,"937,868.86"
2021,태양광,강원,춘천시,413,33896.2,6994,"937,868.86"
2021,태양광,강원,태백시,81,28149.69,6994,"937,868.86"
2021,태양광,강원,평창군,379,83486.34,6994,"937,868.86"
2021,태양광,강원,홍천군,872,85968.69,6994,"937,868.86"
2021,태양광,강원,화천군,377,66106.56,6994,"937,868.86"
2021,태양광,강원,횡성군,329,40881.99,6994,"937,868.86"
2021,태양광,경기,가평군,256,23632.18,8661,"866,903.17"
2021,태양광,경기,고양시,247,19490.28,8661,"866,903.17"
2021,태양광,경기,과천시,4,244,8661,"866,903.17"
2021,태양광,경기,광명시,15,696.18,8661,"866,903.17"
2021,태양광,경기,광주시,249,17669.91,8661,"866,903.17"
2021,태양광,경기,구리시,11,1137,8661,"866,903.17"
2021,태양광,경기,군포시,18,2984.15,8661,"866,903.17"
2021,태양광,경기,김포시,485,38963.7,8661,"866,903.17"
2021,태양광,경기,남양주시,141,11121.2,8661,"866,903.17"
2021,태양광,경기,동두천시,45,3868,8661,"866,903.17"
2021,태양광,경기,부천시,22,2123.81,8661,"866,903.17"
2021,태양광,경기,성남시,31,3546.47,8661,"866,903.17"
2021,태양광,경기,수원시,99,7597.75,8661,"866,903.17"
2021,태양광,경기,시흥시,156,19752.96,8661,"866,903.17"
2021,태양광,경기,안산시,159,13833.53,8661,"866,903.17"
2021,태양광,경기,안성시,855,97362.92,8661,"866,903.17"
2021,태양광,경기,안양시,18,1594.98,8661,"866,903.17"
2021,태양광,경기,양주시,241,17560.78,8661,"866,903.17"
2021,태양광,경기,양평군,294,18878.85,8661,"866,903.17"
2021,태양광,경기,여주군,25,3257.22,8661,"866,903.17"
2021,태양광,경기,여주시,693,89599.38,8661,"866,903.17"
2021,태양광,경기,연천군,487,66838.28,8661,"866,903.17"
2021,태양광,경기,오산시,41,3041.71,8661,"866,903.17"
2021,태양광,경기,용인시,281,25596.39,8661,"866,903.17"
2021,태양광,경기,의왕시,14,1220.07,8661,"866,903.17"
2021,태양광,경기,의정부시,14,675.71,8661,"866,903.17"
2021,태양광,경기,이천시,649,87838.96,8661,"866,903.17"
2021,태양광,경기,파주시,591,47885.36,8661,"866,903.17"
2021,태양광,경기,평택시,578,53433.59,8661,"866,903.17"
2021,태양광,경기,포천시,608,62264.44,8661,"866,903.17"
2021,태양광,경기,하남시,46,4217.12,8661,"866,903.17"
2021,태양광,경기,화성시,1288,118976.29,8661,"866,903.17"
2021,태양광,경남,거제시,125,6661.38,7417,"915,966.91"
2021,태양광,경남,거창군,656,89631.69,7417,"915,966.91"
2021,태양광,경남,고성군,315,35754.85,7417,"915,966.91"
2021,태양광,경남,김해시,422,48079.9,7417,"915,966.91"
2021,태양광,경남,남해군,476,33252.29,7417,"915,966.91"
2021,태양광,경남,밀양시,526,41932.52,7417,"915,966.91"
2021,태양광,경남,사천시,430,48070.6,7417,"915,966.91"
2021,태양광,경남,산청군,441,64526.64,7417,"915,966.91"
2021,태양광,경남,양산시,171,18005.24,7417,"915,966.91"
2021,태양광,경남,의령군,233,58446.55,7417,"915,966.91"
2021,태양광,경남,진주시,465,49521.8,7417,"915,966.91"
2021,태양광,경남,창녕군,365,56365.44,7417,"915,966.91"
2021,태양광,경남,창원시,370,45098.98,7417,"915,966.91"
2021,태양광,경남,통영시,71,4236.67,7417,"915,966.91"
2021,태양광,경남,하동군,726,100501.78,7417,"915,966.91"
2021,태양광,경남,함안군,361,44946.47,7417,"915,966.91"
2021,태양광,경남,함양군,392,45712.62,7417,"915,966.91"
2021,태양광,경남,합천군,872,125221.49,7417,"915,966.91"
2021,태양광,경북,경산시,629,62214.2,15032,"1,957,337.98"
2021,태양광,경북,경주시,618,72348.88,15032,"1,957,337.98"
2021,태양광,경북,고령군,254,21582.76,15032,"1,957,337.98"
2021,태양광,경북,구미시,1146,126837.8,15032,"1,957,337.98"
2021,태양광,경북,군위군,504,95015.83,15032,"1,957,337.98"
2021,태양광,경북,김천시,1058,132837.41,15032,"1,957,337.98"
2021,태양광,경북,문경시,533,67038.6,15032,"1,957,337.98"
2021,태양광,경북,봉화군,562,88955.39,15032,"1,957,337.98"
2021,태양광,경북,상주시,1883,263725.05,15032,"1,957,337.98"
2021,태양광,경북,성주군,473,53595.94,15032,"1,957,337.98"
2021,태양광,경북,안동시,1224,143410.13,15032,"1,957,337.98"
2021,태양광,경북,영덕군,480,88116.87,15032,"1,957,337.98"
2021,태양광,경북,영양군,512,75632.2,15032,"1,957,337.98"
2021,태양광,경북,영주시,948,115205.68,15032,"1,957,337.98"
2021,태양광,경북,영천시,843,109661.6,15032,"1,957,337.98"
2021,태양광,경북,예천군,1019,131319.3,15032,"1,957,337.98"
2021,태양광,경북,울진군,86,10239.19,15032,"1,957,337.98"
2021,태양광,경북,의성군,895,162923.78,15032,"1,957,337.98"
2021,태양광,경북,청도군,227,19993.64,15032,"1,957,337.98"
2021,태양광,경북,청송군,263,22532.94,15032,"1,957,337.98"
2021,태양광,경북,칠곡군,528,51387.41,15032,"1,957,337.98"
2021,태양광,경북,포항시,347,42763.38,15032,"1,957,337.98"
2021,태양광,광주,광산구,715,118798.13,1299,"161,576.61"
2021,태양광,광주,남구,59,3863.52,1299,"161,576.61"
2021,태양광,광주,동구,26,2003.14,1299,"161,576.61"
2021,태양광,광주,북구,337,26873.25,1299,"161,576.61"
2021,태양광,광주,서구,162,10038.57,1299,"161,576.61"
2021,태양광,대구,남구,28,514.89,794,"64,964.42"
2021,태양광,대구,달서구,155,14850.82,794,"64,964.42"
2021,태양광,대구,달성군,272,29755.26,794,"64,964.42"
2021,태양광,대구,동구,111,7374.31,794,"64,964.42"
2021,태양광,대구,북구,129,8686.47,794,"64,964.42"
2021,태양광,대구,서구,53,2321.51,794,"64,964.42"
2021,태양광,대구,수성구,38,1287.16,794,"64,964.42"
2021,태양광,대구,중구,8,174,794,"64,964.42"
2021,태양광,대전,대덕구,120,10092.44,442,"26,758.82"
2021,태양광,대전,동구,69,4245.96,442,"26,758.82"
2021,태양광,대전,서구,108,3663.39,442,"26,758.82"
2021,태양광,대전,유성구,94,6941.31,442,"26,758.82"
2021,태양광,대전,중구,51,1815.72,442,"26,758.82"
2021,태양광,부산,강서구,255,47027.17,540,"69,097.16"
2021,태양광,부산,금정구,33,1873.46,540,"69,097.16"
2021,태양광,부산,기장군,70,8747.02,540,"69,097.16"
2021,태양광,부산,남구,12,967.85,540,"69,097.16"
2021,태양광,부산,동구,7,150,540,"69,097.16"
2021,태양광,부산,동래구,20,782.48,540,"69,097.16"
2021,태양광,부산,부산진구,10,594.5,540,"69,097.16"
2021,태양광,부산,북구,8,518.29,540,"69,097.16"
2021,태양광,부산,사상구,35,2118.07,540,"69,097.16"
2021,태양광,부산,사하구,43,3949.77,540,"69,097.16"
2021,태양광,부산,서구,3,88.52,540,"69,097.16"
2021,태양광,부산,수영구,8,399,540,"69,097.16"
2021,태양광,부산,연제구,6,229.85,540,"69,097.16"
2021,태양광,부산,영도구,8,327.55,540,"69,097.16"
2021,태양광,부산,중구,5,170.28,540,"69,097.16"
2021,태양광,부산,해운대구,17,1153.35,540,"69,097.16"
2021,태양광,서울,강남구,22,2114.56,497,"28,180.04"
2021,태양광,서울,강동구,23,871.7,497,"28,180.04"
2021,태양광,서울,강북구,22,695.66,497,"28,180.04"
2021,태양광,서울,강서구,28,2394.78,497,"28,180.04"
2021,태양광,서울,관악구,25,823.4,497,"28,180.04"
2021,태양광,서울,광진구,30,2094.81,497,"28,180.04"
2021,태양광,서울,구로구,22,989.5,497,"28,180.04"
2021,태양광,서울,금천구,19,794.02,497,"28,180.04"
2021,태양광,서울,노원구,32,2595.53,497,"28,180.04"
2021,태양광,서울,도봉구,23,835.6,497,"28,180.04"
2021,태양광,서울,동대문구,22,714,497,"28,180.04"
2021,태양광,서울,동작구,17,535.76,497,"28,180.04"
2021,태양광,서울,마포구,14,652.54,497,"28,180.04"
2021,태양광,서울,서대문구,18,537.3,497,"28,180.04"
2021,태양광,서울,서초구,22,1588.69,497,"28,180.04"
2021,태양광,서울,성동구,11,3452.88,497,"28,180.04"
2021,태양광,서울,성북구,25,689.92,497,"28,180.04"
2021,태양광,서울,송파구,28,1189.56,497,"28,180.04"
2021,태양광,서울,양천구,13,555.13,497,"28,180.04"
2021,태양광,서울,영등포구,16,1437.72,497,"28,180.04"
2021,태양광,서울,용산구,4,103,497,"28,180.04"
2021,태양광,서울,은평구,23,976.75,497,"28,180.04"
2021,태양광,서울,종로구,6,205,497,"28,180.04"
2021,태양광,서울,중구,7,171,497,"28,180.04"
2021,태양광,서울,중랑구,25,1161.23,497,"28,180.04"
2021,태양광,세종,가람동,3,1492,347,"32,494.85"
2021,태양광,세종,고운동,2,274,347,"32,494.85"
2021,태양광,세종,금남면,35,1670.32,347,"32,494.85"
2021,태양광,세종,대평동,2,994,347,"32,494.85"
2021,태양광,세종,도담동,1,93,347,"32,494.85"
2021,태양광,세종,반곡동,3,1234.6,347,"32,494.85"
2021,태양광,세종,보람동,3,1253,347,"32,494.85"
2021,태양광,세종,부강면,39,3667.06,347,"32,494.85"
2021,태양광,세종,새롬동,1,130,347,"32,494.85"
2021,태양광,세종,소담동,1,497,347,"32,494.85"
2021,태양광,세종,소정면,17,2001.07,347,"32,494.85"
2021,태양광,세종,연기면,13,1553.64,347,"32,494.85"
2021,태양광,세종,연동면,55,4305.16,347,"32,494.85"
2021,태양광,세종,연서면,40,2880.74,347,"32,494.85"
2021,태양광,세종,장군면,29,1754.87,347,"32,494.85"
2021,태양광,세종,전동면,41,3648.19,347,"32,494.85"
2021,태양광,세종,전의면,33,3077.62,347,"32,494.85"
2021,태양광,세종,조치원읍,29,1968.58,347,"32,494.85"
2021,태양광,울산,남구,47,4495.65,408,"44,082.83"
2021,태양광,울산,동구,15,411,408,"44,082.83"
2021,태양광,울산,북구,77,8695,408,"44,082.83"
2021,태양광,울산,울주군,256,30029.8,408,"44,082.83"
2021,태양광,울산,중구,13,451.38,408,"44,082.83"
2021,태양광,인천,강화군,316,19348.05,640,"56,193.49"
2021,태양광,인천,계양구,10,603.06,640,"56,193.49"
2021,태양광,인천,남구,24,1572.26,640,"56,193.49"
2021,태양광,인천,남동구,46,3731.6,640,"56,193.49"
2021,태양광,인천,동구,3,663,640,"56,193.49"
2021,태양광,인천,미추홀구,3,147,640,"56,193.49"
2021,태양광,인천,부평구,12,977.76,640,"56,193.49"
2021,태양광,인천,서구,125,14903.05,640,"56,193.49"
2021,태양광,인천,연수구,21,2605,640,"56,193.49"
2021,태양광,인천,옹진군,26,2390,640,"56,193.49"
2021,태양광,인천,중구,54,9252.71,640,"56,193.49"
2021,태양광,전남,강진군,956,137424.37,15892,"2,315,793.21"
2021,태양광,전남,고흥군,1408,175796.19,15892,"2,315,793.21"
2021,태양광,전남,곡성군,391,46253.19,15892,"2,315,793.21"
2021,태양광,전남,광양시,490,68714.69,15892,"2,315,793.21"
2021,태양광,전남,구례군,77,4949.67,15892,"2,315,793.21"
2021,태양광,전남,나주시,1392,207465.98,15892,"2,315,793.21"
2021,태양광,전남,담양군,418,40179.95,15892,"2,315,793.21"
2021,태양광,전남,목포시,256,43909.39,15892,"2,315,793.21"
2021,태양광,전남,무안군,949,125202.52,15892,"2,315,793.21"
2021,태양광,전남,보성군,499,103171.3,15892,"2,315,793.21"
2021,태양광,전남,순천시,1119,161381.74,15892,"2,315,793.21"
2021,태양광,전남,신안군,240,66658.99,15892,"2,315,793.21"
2021,태양광,전남,여수시,502,67156.62,15892,"2,315,793.21"
2021,태양광,전남,영광군,413,56317.28,15892,"2,315,793.21"
2021,태양광,전남,영암군,1469,231247.31,15892,"2,315,793.21"
2021,태양광,전남,완도군,532,55054.02,15892,"2,315,793.21"
2021,태양광,전남,장성군,657,84993.86,15892,"2,315,793.21"
2021,태양광,전남,장흥군,507,81511.45,15892,"2,315,793.21"
2021,태양광,전남,진도군,523,76052.47,15892,"2,315,793.21"
2021,태양광,전남,함평군,426,64713.05,15892,"2,315,793.21"
2021,태양광,전남,해남군,1703,283279.98,15892,"2,315,793.21"
2021,태양광,전남,화순군,965,134359.19,15892,"2,315,793.21"
2021,태양광,전북,고창군,1461,189655.98,24989,"2,891,918.32"
2021,태양광,전북,군산시,1612,190709.43,24989,"2,891,918.32"
2021,태양광,전북,김제시,3857,444627.27,24989,"2,891,918.32"
2021,태양광,전북,남원군,1,98,24989,"2,891,918.32"
2021,태양광,전북,남원시,2575,345584.18,24989,"2,891,918.32"
2021,태양광,전북,무주군,320,31645.8,24989,"2,891,918.32"
2021,태양광,전북,부안군,1496,175878.28,24989,"2,891,918.32"
2021,태양광,전북,순창군,433,46138.36,24989,"2,891,918.32"
2021,태양광,전북,완주군,1541,174947.39,24989,"2,891,918.32"
2021,태양광,전북,익산시,3628,400483.86,24989,"2,891,918.32"
2021,태양광,전북,임실군,1591,175800.26,24989,"2,891,918.32"
2021,태양광,전북,장수군,1195,164731.24,24989,"2,891,918.32"
2021,태양광,전북,전주시,743,50214.84,24989,"2,891,918.32"
2021,태양광,전북,정읍시,3507,383026.14,24989,"2,891,918.32"
2021,태양광,전북,진안군,1029,118377.29,24989,"2,891,918.32"
2021,태양광,제주,서귀포시,367,109205.09,837,"209,343.85"
2021,태양광,제주,제주시,470,100138.76,837,"209,343.85"
2021,태양광,충남,계룡시,17,674.18,14620,"1,684,037.15"
2021,태양광,충남,공주시,1340,133630.17,14620,"1,684,037.15"
2021,태양광,충남,금산군,1097,117799.84,14620,"1,684,037.15"
2021,태양광,충남,논산시,2279,260171.36,14620,"1,684,037.15"
2021,태양광,충남,당진군,1,29.92,14620,"1,684,037.15"
2021,태양광,충남,당진시,869,83468.08,14620,"1,684,037.15"
2021,태양광,충남,보령시,954,113228.45,14620,"1,684,037.15"
2021,태양광,충남,부여군,1339,180565.59,14620,"1,684,037.15"
2021,태양광,충남,서산시,992,136167.97,14620,"1,684,037.15"
2021,태양광,충남,서천군,1102,116302.15,14620,"1,684,037.15"
2021,태양광,충남,아산시,987,111838.09,14620,"1,684,037.15"
2021,태양광,충남,예산군,977,94548.09,14620,"1,684,037.15"
2021,태양광,충남,천안시,770,81233.95,14620,"1,684,037.15"
2021,태양광,충남,청양군,419,39715.65,14620,"1,684,037.15"
2021,태양광,충남,태안군,625,95839.5,14620,"1,684,037.15"
2021,태양광,충남,홍성군,852,118824.16,14620,"1,684,037.15"
2021,태양광,충북,괴산군,701,59079.18,8198,"783,060.38"
2021,태양광,충북,단양군,286,33716.85,8198,"783,060.38"
2021,태양광,충북,보은군,759,80669.01,8198,"783,060.38"
2021,태양광,충북,영동군,578,54968.11,8198,"783,060.38"
2021,태양광,충북,옥천군,1003,90992.11,8198,"783,060.38"
2021,태양광,충북,음성군,886,97986.79,8198,"783,060.38"
2021,태양광,충북,제천시,604,45296.11,8198,"783,060.38"
2021,태양광,충북,증평군,230,18909.91,8198,"783,060.38"
2021,태양광,충북,진천군,487,64371.96,8198,"783,060.38"
2021,태양광,충북,청주시,1571,138397.34,8198,"783,060.38"
2021,태양광,충북,충주시,1093,98673.01,8198,"783,060.38"
2021,소수력,강원,강릉시,2,870,8,"2,303"
2021,소수력,강원,고성군,1,180,8,"2,303"
2021,소수력,강원,양구군,1,180,8,"2,303"
2021,소수력,강원,철원군,1,465,8,"2,303"
2021,소수력,강원,홍천군,1,430,8,"2,303"
2021,소수력,강원,화천군,2,178,8,"2,303"
2021,소수력,경기,구리시,1,45,4,468
2021,소수력,경기,안산시,1,9,4,468
2021,소수력,경기,안성시,1,360,4,468
2021,소수력,경기,용인시,1,54,4,468
2021,소수력,경남,산청군,1,150,4,329
2021,소수력,경남,하동군,3,179,4,329
2021,소수력,경북,문경시,1,220,8,"1,630"
2021,소수력,경북,봉화군,1,410,8,"1,630"
2021,소수력,경북,상주시,1,189,8,"1,630"
2021,소수력,경북,영주시,2,530,8,"1,630"
2021,소수력,경북,영천시,1,6,8,"1,630"
2021,소수력,경북,예천군,1,25,8,"1,630"
2021,소수력,경북,울진군,1,250,8,"1,630"
2021,소수력,부산,강서구,1,55,3,120
2021,소수력,부산,금정구,1,55,3,120
2021,소수력,부산,동래구,1,10,3,120
2021,소수력,서울,동작구,1,300,3,316
2021,소수력,서울,성동구,2,16,3,316
2021,소수력,전남,담양군,1,35,11,733
2021,소수력,전남,완도군,8,674,11,733
2021,소수력,전남,해남군,2,24,11,733
2021,소수력,전북,순창군,2,110,2,110
2021,소수력,충남,논산시,1,320,4,"1,470"
2021,소수력,충남,보령시,1,490,4,"1,470"
2021,소수력,충남,아산시,1,180,4,"1,470"
2021,소수력,충남,예산군,1,480,4,"1,470"
2021,소수력,충북,보은군,1,600,1,600
2021,풍력,강원,강릉시,1,80,1,80
2021,풍력,경기,안산시,1,21,2,76
2021,풍력,경기,안성시,1,55,2,76
2021,풍력,경남,하동군,1,6,1,6
2021,풍력,부산,기장군,1,8,1,8
2021,풍력,제주,제주시,1,99.4,1,99.4
2021,풍력,충남,서산시,1,20,1,20
2021,바이오,강원,원주시,2,1870,3,"2,670"
2021,바이오,강원,춘천시,1,800,3,"2,670"
2021,바이오,경기,연천군,1,450,3,"1,199"
2021,바이오,경기,이천시,2,749,3,"1,199"
2021,바이오,경남,양산시,2,1420,3,"1,870"
2021,바이오,경남,진주시,1,450,3,"1,870"
2021,바이오,대전,대덕구,1,99,1,99
2021,바이오,전남,담양군,1,640,1,640
2021,바이오,전북,고창군,1,80,7,"2,146"
2021,바이오,전북,군산시,1,498,7,"2,146"
2021,바이오,전북,김제시,1,50,7,"2,146"
2021,바이오,전북,정읍시,4,1518,7,"2,146"
2021,바이오,충남,논산시,1,600,4,"2,400"
2021,바이오,충남,청양군,3,1800,4,"2,400"
2021,바이오,충북,청주시,1,750,1,750
2021,연료전지,강원,평창군,1,96,1,96
2021,연료전지,경기,안산시,1,880,3,"1,420"
2021,연료전지,경기,용인시,1,100,3,"1,420"
2021,연료전지,경기,포천시,1,440,3,"1,420"
2021,연료전지,경남,거창군,2,315,2,315
2021,연료전지,경북,칠곡군,2,1078,2,"1,078"
2021,연료전지,광주,북구,1,315,1,315
2021,연료전지,대구,달서구,1,210,2,507
2021,연료전지,대구,동구,1,297,2,507
2021,연료전지,대전,대덕구,1,105,1,105
2021,연료전지,전북,군산시,1,210,3,"1,260"
2021,연료전지,전북,완주군,1,840,3,"1,260"
2021,연료전지,전북,익산시,1,210,3,"1,260"
2021,매립지가스(LFG),전남,목포시,1,998,1,998
2021,조력,전남,진도군,1,80,1,80
